mse_loss,contrastive_loss,router_load_balance_loss,loss
0.9931290944417318,0.4630353110177176,2.017703646705264,3.473867870512463
0.9564031873430524,0.199820495787121,2.003211248488653,3.1594347272600447
0.9356277102515811,0.17404651641845703,2.004173823765346,3.1138487316313244
0.923514411562965,0.15614958036513554,2.0061066037132624,3.085769290015811
0.9090389978317988,0.1405713671729678,2.0048005240304128,3.054411388578869
0.9037984212239584,0.14959830329531715,2.0061238606770835,3.059519813174293
0.8986366816929409,0.12839352516900926,2.0073194957914806,3.0343497140066966
0.896112805321103,0.12672188168480283,2.0068946111769903,3.029728662400019
0.8952926454089937,0.11789830525716145,2.006136031377883,3.0193268912179128
0.8903053828648159,0.11465321268354144,2.0098568144298734,3.0148148309616816
0.8928366161528087,0.11183819316682361,2.005670819963728,3.0103452773321244
0.8878423599969774,0.10420345124744233,2.0067080543154763,2.9987535022553944
0.8854930514381045,0.10037439210074288,2.0076871599469865,2.993554251534598
0.8807828994024367,0.10039471444629487,2.005352565220424,2.9865308489118303
0.8853256588890439,0.09867192450023833,2.0080166771298362,2.9920138404482888
0.883887699672154,0.09224837166922432,2.0046661013648626,2.9808020818801153
0.8853389195033482,0.09257179214840844,2.0051167805989585,2.983028230212984
0.8872486296154204,0.08527059214455741,2.0047149658203125,2.9772355215890065
0.8759841010684059,0.08104121117364793,2.0056666419619607,2.9626915341331843
0.8768676576160249,0.08228644302913121,2.005474635532924,2.9646283104306175
0.8713972909109933,0.0767051378885905,2.004409971691313,2.9525135585239957
0.8711063748314267,0.0765965325491769,2.0061538332984563,2.9538563319614957
0.8753673008510044,0.07215201287042528,2.0053076971144903,2.9528272719610307
0.8711256299700055,0.07161403269994826,2.0050443013509116,2.9477835155668712
0.8656735193161738,0.0785445145198277,2.006977989560082,2.951195489792597
0.8709926605224609,0.06964997450510661,2.0052918933686756,2.945935385567801
0.8589813595726377,0.07329317501613072,2.004572005498977,2.9368467785063244
0.8589687347412109,0.06501220521472749,2.003161294119699,2.9271429152715776
0.8596390315464565,0.05906583013988677,2.004399980817522,2.9231051490420388
0.876003174554734,0.07670787402561732,2.0047240484328497,2.9574354262579057
0.8592096056256976,0.06749523253667922,2.004887172154018,2.931592123849051
0.8604670933314732,0.06109837690989176,2.0043344043550038,2.925898960658482
0.8583443051292783,0.06841207685924712,2.0071307591029575,2.933886936732701
0.8575760977608817,0.06383459340958368,2.004368554978144,2.925779251825242
0.8716768537248883,0.06836094175066267,2.004593258812314,2.9446316673642112
0.8713110060918898,0.06943770249684651,2.0051876249767484,2.945936475481306
0.8539341517857143,0.06724139054616292,2.0048590160551525,2.9260346548897878
0.8548328762962705,0.05629077411833264,2.005920955113002,2.9170448666527156
0.8489327203659784,0.055406462578546437,2.005536578950428,2.9098755972726003
0.860682623726981,0.061780816032772974,2.003665015811012,2.926128932407924
0.8514282589867002,0.06371260824657622,2.0047204153878346,2.9198610214960006
0.855979737781343,0.056375316211155484,2.005925859723772,2.918281918480283
0.8542038145519438,0.04789309274582636,2.0031229654947915,2.905219486781529
0.8540533156622023,0.05957879906608945,2.0056920732770647,2.9193242390950522
0.8529625847226098,0.05083973634810675,2.003395262218657,2.9071969531831288
0.8491545177641369,0.04901339326586042,2.0043031601678756,2.902470906575521
0.8484107426234654,0.04815417244320824,2.0043409438360307,2.9009063357398626
0.838822501046317,0.04976939587366013,2.0039881751650857,2.8925797598702565
0.857438496180943,0.06813891728719075,2.003685724167597,2.929263705299014
0.8494116465250651,0.06459132830301921,2.004715329124814,2.91871824718657
0.8395873478480748,0.05563082013811384,2.004290081205822,2.89950924827939
0.8418679918561663,0.05939601148877825,2.004848116920108,2.9061119442894343
0.8383469354538691,0.05924914564405169,2.0048753647577193,2.9024719964890253
0.8514797573997861,0.05729468095870245,2.0065585545131137,2.915332794189453
0.8380955287388393,0.0533869152977353,2.0034286862327937,2.8949112665085566
1.5306454613095237,0.23105553218296596,2.0199617658342635,3.781663077218192
1.0213717506045388,0.4030374345325288,2.0262354896182107,3.450645083472842
1.0038752782912481,0.1236747560046968,1.9651365734281994,3.092686244419643
1.0000291551862444,0.05686678205217634,1.9972855704171317,3.0541810535249256
0.9983675820486886,0.040284957204546244,2.0015106201171875,3.040164039248512
0.9946949368431455,0.0354973106157212,2.0124104817708335,3.042601994105748
0.9928280058361235,0.028498836926051548,2.0083445594424294,3.0296714419410344
0.9950380779448009,0.04053771495819092,2.0096628098260787,3.0452394031343006
0.9907166617257255,0.02555349894932338,2.0100513639904203,3.0263206845238093
0.9910401843843006,0.028248102892012822,2.008537837437221,3.0278262183779763
0.9876608167375837,0.020146724723634265,2.009823753720238,3.0176308041527156
0.9879913330078125,0.021989883411498296,2.0099512736002603,3.0199332464308966
0.983921141851516,0.024851515179588682,2.0061919802711126,3.0149645124162947
0.9783900124686105,0.018579321248190745,2.0086177644275485,3.0055872599283853
0.9691571735200428,0.02436284508023943,2.0104591732933406,3.00397945585705
0.9638441176641555,0.03592147429784139,2.0175167265392484,3.0172822134835378
0.9823055267333984,0.05356132416498093,2.0140357244582403,3.049902779715402
0.97272827511742,0.032216611362638925,2.0135841369628906,3.018529256184896
0.954970223563058,0.032464333942958286,2.0079116821289062,2.995346250988188
0.9570957365490141,0.032521313145047144,2.009414309547061,2.9990308852422807
0.9494483584449405,0.03484682242075602,2.005991981143043,2.9902877807617188
0.9492024921235585,0.03578085842586699,2.0099183945428756,2.9949017479306175
0.9503563472202846,0.03136706636065528,2.0121163867768788,2.993839445568266
0.945194335210891,0.022907909892854236,2.013701847621373,2.981804438999721
0.9479497273763021,0.026038873763311477,2.0096177600678944,2.9836062476748513
0.9465212140764508,0.027028958002726238,2.010453360421317,2.984004611060733
0.9475001380557105,0.026912987232208252,2.0096817016601562,2.984094892229353
0.949055898757208,0.03463059663772583,2.015198480515253,2.9988853817894343
0.9507085709344774,0.03269940330868676,2.007610321044922,2.991017296200707
0.9513991219656808,0.03011755148569743,2.011785416376023,2.993301754906064
0.9482036772228423,0.027826706568400066,2.013460431780134,2.9894906906854537
0.9365238916306269,0.025579441161382766,2.0063027881440663,2.96840576898484
0.9459246680850074,0.02751346429189046,2.0170269920712425,2.990464891706194
0.9362930116199312,0.025286827768598284,2.0071512858072915,2.968730926513672
0.9367469605945405,0.02121924502508981,2.009262448265439,2.9672279357910156
0.9354026431129092,0.022105678206398374,2.008375803629557,2.9658838907877603
0.9306616101946149,0.0213716413293566,2.005884987967355,2.9579188028971353
0.9317132859002977,0.02458345606213524,2.0047950744628906,2.961092267717634
0.9254374731154669,0.021841604085195632,2.0087903340657554,2.956069764636812
0.9244593665713355,0.022185522885549636,2.0062257675897506,2.952870868501209
0.9201281411307198,0.025103747844696045,2.0093906947544644,2.954621814546131
0.9161342439197359,0.0213576682976314,2.005387987409319,2.9428799947102866
0.9204787299746559,0.02570833478655134,2.008165813627697,2.9543529692150297
0.9104298182896206,0.022021456843330747,2.0089919680640813,2.941443670363653
0.9104762304396856,0.021686087052027386,2.0082054138183594,2.94036865234375
0.9065421876453218,0.02941021748951503,2.012334732782273,2.948286692301432
0.9024099622453962,0.025155791214534214,2.0087085905529203,2.936273847307478
0.9174478621709914,0.046750721477326895,2.0099134899321056,2.9741121927897134
0.9025344848632812,0.030107571965172178,2.007381802513486,2.9400236947195872
0.896629151843843,0.024251463867369153,2.006949470156715,2.9278311956496466
0.8944141751243955,0.028170545895894367,2.0059327625093006,2.928517296200707
0.896737053280785,0.033156011785779683,2.0123534429640997,2.9422460283551897
0.8923827580043248,0.025406170459020706,2.0124664306640625,2.9302555265880765
0.8966499510265532,0.026674713407244,2.00637454078311,2.9296996707008
0.8866236550467355,0.024992471649533228,2.0067674546014693,2.9183832804361978
0.8915704999651227,0.03611149390538534,2.0137181963239397,2.9414002554757253
0.8892289116269066,0.029912187939598447,2.00766354515439,2.926804678780692
0.8897935776483445,0.029079993565877277,2.007328578404018,2.9262010483514693
0.8845057714553106,0.025090788091932024,2.0039135160900297,2.9135099138532365
0.8834913344610305,0.02297305918875195,2.0103968665713357,2.9168612162272134
0.882334482102167,0.02568058172861735,2.0113316490536643,2.9193467639741444
0.8871764228457496,0.02673708541052682,2.0108133951822915,2.92472657703218
0.8823709033784413,0.02956609215055193,2.008615947905041,2.9205529349190846
0.8845393771216983,0.028774525438036238,2.008037567138672,2.9213514782133556
0.8842195783342633,0.029912525699252172,2.0033042544410344,2.917436327253069
0.8791938963390532,0.030346106915246873,2.0047476632254466,2.9142877487909224
0.8815831683930897,0.040112728164309545,1.9996512276785714,2.921347118559338
0.8838253021240234,0.04542643399465652,2.002408708844866,2.931661151704334
0.8827125912620908,0.03068695749555315,2.0063672746930803,2.919767107282366
0.8835421970912388,0.038762416158403666,2.002731686546689,2.925035385858445
0.8947549547467913,0.04799591359638032,2.004511515299479,2.9472625369117376
0.889339356195359,0.06142410777864002,1.9961013793945312,2.946864900134859
0.8865844181605748,0.04885173979259673,2.004418509347098,2.939854031517392
0.8799866267613002,0.02670762084779285,2.0042799086797807,2.9109735034760975
0.8818481082007998,0.03032161792119344,2.007430666968936,2.919600168863932
0.8774228777204242,0.0310868847937811,2.0103040422712053,2.9188139779227122
0.8797385806129092,0.027737095242454893,2.0033453078497026,2.9108203706287203
0.8779547555106026,0.0303993821144104,2.005532764253162,2.9138870239257812
0.8859543573288691,0.03350099211647397,2.0060857137044272,2.925541105724516
0.8820178622291202,0.03446836130959647,2.0037747337704612,2.92026120140439
0.8892047518775577,0.036002454303559805,2.0021373203822543,2.9273438226609003
0.8776837303524926,0.028394676390148345,2.008302961077009,2.9143823896135603
0.8890809558686756,0.04157360110964094,2.002390906924293,2.9330457051595054
0.8838766188848586,0.043803952989124116,2.006809416271391,2.9344903855096724
0.87175414675758,0.03110891864413307,2.008159637451172,2.9110223679315474
0.8900442577543712,0.029015813555036272,2.010379427955264,2.929439363025484
0.8862347375778925,0.04738309553691319,1.9980763026646204,2.931694575718471
0.8809581938244048,0.038210028693789526,2.0080958775111606,2.9272642589750744
0.880471910749163,0.03346790870030721,2.0080782572428384,2.9220186869303384
0.873527345203218,0.030781027816590808,2.002681187220982,2.9069896879650297
0.8765058971586681,0.02888102474666777,2.0071663629441034,2.912552969796317
0.8793120611281622,0.030166512443905787,2.0121067592075894,2.9215843563988093
0.8783458528064546,0.03514371599469866,2.0072693597702753,2.92075929187593
0.9063295636858258,0.04838616507393973,2.008252643403553,2.9629683721633184
0.8721965608142671,0.034751335779825844,2.0095963251023066,2.916543506440662
0.8772168840680804,0.03112341392607916,2.0070393880208335,2.915379842122396
0.8808938889276414,0.03385500680832636,2.002802530924479,2.917551494780041
0.8782713753836495,0.034018070924849736,2.0039320446196056,2.916222163609096
0.8785538446335566,0.03968663726534162,2.0126284644717263,2.930869874500093
0.875005358741397,0.04315809692655291,2.0106184823172435,2.9287817818777904
0.8724554152715773,0.030584434668223064,2.005763280959356,2.9088033040364585
0.8804908025832403,0.034454189595722017,1.9993451436360676,2.9142906552269343
0.873979023524693,0.03567157472882952,2.005488804408482,2.9151389712379094
0.8841144016810826,0.04495175963356381,2.006771995907738,2.935838426862444
0.8826394762311663,0.052944575037275045,1.9985878354027158,2.9341719491141185
0.8837886083693731,0.035205281916118804,2.008094969249907,2.927088964553106
0.8766013554164341,0.03367567346209571,2.0030221484956288,2.9132991972423734
0.887154533749535,0.03394831362224761,2.0089016868954612,2.93000484648205
0.8699355352492559,0.022990216811498005,2.008428482782273,2.9013544718424478
0.875673112415132,0.03362884407951718,2.0068502880278087,2.9161515008835566
0.8781956263950893,0.03367264214016143,2.0011720203218006,2.913040524437314
0.888097399757022,0.050463596979777016,2.005130404517764,2.9436919802711126
0.869928723289853,0.04018189225878034,2.012101854596819,2.922212691534133
0.8726697649274554,0.05916781084878104,2.0134658813476562,2.9453032357352122
0.8718955630347842,0.03168142125720069,2.0115049453008744,2.9150819324311756
0.8679982139950707,0.025779111044747487,2.0138497125534784,2.9076265607561385
0.8691074734642392,0.024567964531126477,2.011558351062593,2.9052334740048362
0.8666284651983351,0.03008973030816941,2.0089916047595797,2.9057103111630393
0.8703867594401041,0.03954953239077613,2.005592709495908,2.915529341924758
0.8689524332682291,0.04807486988249279,2.008657001313709,2.925684792654855
0.938713618687221,0.08366986115773518,2.007210141136533,3.0295927865164622
0.8873599824451265,0.0813089268548148,2.0041202363513766,2.9727890377952937
0.8720100947788784,0.041616431304386685,2.0057296752929688,2.919355664934431
0.8693193708147321,0.031494129271734325,2.0097865150088357,2.91060057140532
0.868616194952102,0.034625127201988584,2.0060631888253346,2.909303937639509
0.8707887558710008,0.03525364115124657,2.0069858006068637,2.913029080345517
0.8888052985781715,0.050607249850318545,2.0062437511625744,2.9456558227539062
0.8746409643264044,0.04240799234026954,2.003218332926432,2.9202673775809154
0.8940597715831938,0.09730713708060128,2.0001940046037947,2.99156007312593
0.89655640011742,0.10292534601120722,2.015876225062779,3.0153577895391557
0.8861553555443173,0.049169767470586864,2.028916495186942,2.9642415727887834
0.8859885079520089,0.0332523783047994,2.005243392217727,2.924483889625186
0.8684710548037574,0.028733023575374057,2.0093785240536643,2.90658206031436
0.8757161639985585,0.02247734580721174,2.009600139799572,2.907794407435826
0.894349143618629,0.022844988675344558,2.0072904314313615,2.924484616234189
0.877237047467913,0.0221311989284697,2.007189614432199,2.906557355608259
0.8675376347133091,0.023560978117443267,2.010513124011812,2.901611873081752
0.8679251897902716,0.020941080082030522,2.0052194141206288,2.8940858386811756
0.8680484408424014,0.021246600718725295,2.0116855076381137,2.9009802682059154
0.8654771532331195,0.024268499442509243,2.0014290582566034,2.891174861363002
0.8642044067382812,0.022498170534769695,2.0096375601632253,2.896339779808408
0.8632039569673085,0.023135670593806675,2.012605212983631,2.8989453996930803
0.8670659746442523,0.02482836019425165,2.001136961437407,2.893031710670108
0.8901145571754092,0.048885737146650045,2.0121429080054876,2.9511437189011347
0.8581302279517764,0.026236003353482203,2.0045347667875744,2.888901120140439
