train_loss,train_benign_loss,train_attack_loss,train_diversity_loss,train_router_loss,validation_loss,validation_benign_loss,validation_attack_loss,validation_diversity_loss,validation_router_loss,validation_auprc
2.7669170832229875,0.8819889133259401,0.02013908200344797,-0.13876378334174722,2.0035533581749867,2.714954854185136,0.7890989335152556,0.02365554196332927,-0.14083115597988696,2.0430335367261376,0.9192450564640579
2.6215603068723516,0.7359401250289659,0.02304017745842368,-0.14084950139967062,2.0034301240565413,2.6130223916777484,0.6916431039219488,0.025554571309551844,-0.14145011992037437,2.0372750212396573,0.9545674595218733
2.5581587451999472,0.6718671766378111,0.024622397907709672,-0.1415344658544508,2.0032055095090704,2.5670884585549647,0.6468049177886747,0.030545624717189346,-0.14189268793056478,2.0316306400524526,0.9573618362176309
2.5268712447861494,0.6398541725288003,0.025774925442065222,-0.14186007289563196,2.0031002497268937,2.527152708518026,0.6335263804622857,0.023919064947899353,-0.14197331962855994,2.0116802242630762,0.9712164195822467
2.5025637351860435,0.6187883797338454,0.022783424894688493,-0.14201135150456834,2.00300430039228,2.5225333716570626,0.6115546621047577,0.025957675690346575,-0.1419559686178293,2.026976961897902,0.9691956507042551
2.487216238248146,0.6031569788011454,0.02317995944265592,-0.14207098039530092,2.002951153254105,2.4998574403442673,0.6036342683976987,0.02694866054165166,-0.14193290007029866,2.0112085364952716,0.9691455434612253
2.476406808626854,0.5929151632018008,0.022577352442983853,-0.14218243097854874,2.0030961117501986,2.5041172036606087,0.6095465621767878,0.021419854310669235,-0.14213004687153702,2.0152811541906765,0.9666272387394068
2.4673459327827065,0.5847863666081833,0.021689875651214083,-0.14221593889139467,2.0030839564436573,2.4859267070220152,0.5857515808538343,0.026361632290743203,-0.1422235204818401,2.0160359411938535,0.9634210357618401
2.4558183055813028,0.5735910706600901,0.02140158717915163,-0.14228878991078522,2.003112275721663,2.4651236748300827,0.569421718588394,0.02665453656063576,-0.1421988557134678,2.01124576361185,0.9683285945901925
2.450008586301642,0.5675912630760064,0.021642889006663175,-0.1422865269547802,2.0030588699599443,2.4636464220412235,0.5720309715180815,0.024889720528965584,-0.14217429014526078,2.0089013210143323,0.9690251609006928
2.443744206832627,0.5616653571694584,0.02135933859873626,-0.14230726533016916,2.0030264127052435,2.466548117058215,0.5761231045914598,0.01911629570855035,-0.14222839030813664,2.013536674192893,0.972059996582147
2.436720508640095,0.5546154086872682,0.02108477131795075,-0.1423719697079416,2.003391071901483,2.459807411716903,0.5594410276300237,0.024839822845819714,-0.14229646867612294,2.0178232756630465,0.9735736522866129
2.4307548393637446,0.5486430151987884,0.020988514867879577,-0.14239763809462724,2.0035198664261125,2.451364359393469,0.5598160403276448,0.02164265562738369,-0.14223680428579344,2.0121436874353575,0.9770374642162776
2.431215706518141,0.5495201369463387,0.02078650563450183,-0.14239379106941868,2.0033037864555747,2.454935853926566,0.5563766804147274,0.026257866663290254,-0.142355456701689,2.0146562292220747,0.9700446035397907
2.425924786066605,0.5434240567482124,0.021582805504233152,-0.1424160650220968,2.0033331402277543,2.455799580747636,0.5550441516488438,0.02410281070862538,-0.14232338799370658,2.0189747190362737,0.9656867215473941
2.4221116405422403,0.5410558086330608,0.02015877174118818,-0.1424449338751324,2.0033427092988614,2.448139740783836,0.5483579883620531,0.025728182871572795,-0.142360533946513,2.016413839714465,0.9765525606495026
2.417835817498676,0.5367648884401484,0.020138453629057286,-0.14247453010688393,2.003408399678893,2.4628502234781324,0.5584041514295213,0.022088727207048565,-0.1424319851201195,2.0247899409445185,0.9781057926643558
2.413855859788798,0.5327237339343055,0.020093984523061978,-0.14247147511627714,2.0035092628608315,2.4292560694629137,0.540735303369256,0.02374298916359038,-0.14243114642781288,2.0072077757923315,0.9753625236285102
2.4103440106925316,0.5299505783339679,0.019251154640973624,-0.14249289237846763,2.0036359883971135,2.4283686788933214,0.5317168540142952,0.02671091156366587,-0.14248319044180796,2.012423900847739,0.9669124929695707
2.4081806247517212,0.5271969164832163,0.020074535224397304,-0.14250048944505594,2.003408399678893,2.426817549035904,0.5448307190662862,0.020319356985971437,-0.14243726978347093,2.004104938912899,0.9784220695404242
2.4063531907938294,0.5257717391191903,0.019548391891738116,-0.14251607151354773,2.0035477977688028,2.444923491060875,0.5608176373420878,0.020866752516293358,-0.14244848842034666,2.0056873799497636,0.9789515751177983
2.4031188447596663,0.5235821352166644,0.018492785550780214,-0.14251794653423763,2.003560987569518,2.440425070183215,0.5447976403202571,0.021754318940724042,-0.1421542336754765,2.0160288709275265,0.9752318891202714
2.4018347788665255,0.5213908179331634,0.019281987416542183,-0.142515037019374,2.0036768509169756,2.4247547627622636,0.5360880461708591,0.021466627188608155,-0.14239806768178376,2.0095978143931,0.964992703883883
2.396351442498676,0.5172922490006786,0.01818957167156672,-0.14254731647038865,2.003413960085077,2.4346366864287825,0.5305290131986,0.022106698218812334,-0.14259449302727448,2.0245951478926565,0.9752401840592617
2.4007224390062234,0.5205620264602919,0.019016892223034876,-0.14247797303280588,2.003622022725768,2.422266894762116,0.534612885603668,0.020917809037733867,-0.14157158601368572,2.0083077072251774,0.977737257068703
2.3928820076635327,0.5139980639441538,0.017869561405505163,-0.14252594770011257,2.0035400390625,2.4196633052600474,0.5232916937934028,0.022070325576385427,-0.14256665385361258,2.016869222582373,0.9788734440622353
2.390176805399232,0.5115304397324384,0.01739616717322398,-0.1425761691594528,2.0038264646368513,2.435876147403221,0.526298973859061,0.025822035246143387,-0.14253307008856014,2.026287538785461,0.9522714985316493
2.3900074069782837,0.511776132098699,0.017258696636911167,-0.14255609350689388,2.0035269785735568,2.4169291322676565,0.5230375970790854,0.021416224486438942,-0.14250304851126164,2.0149781427766698,0.9713635384274164
2.387236514333951,0.5091414370779264,0.017170756550158484,-0.14256638995671678,2.003490512653933,2.407195684194001,0.5222369615631465,0.018585707842599133,-0.14252357392728188,2.0088968479886966,0.9791595359551728
2.384207774016817,0.5054732500496557,0.01772364519410214,-0.14258719298799158,2.003597065553827,2.4213797927748226,0.5149645794086141,0.0269871028602546,-0.14254877076926806,2.0219792936428784,0.9689386749267138
2.383051726777675,0.5051579879502118,0.016968224008204573,-0.1425713846238993,2.0035003403485834,2.417604992012042,0.5263795604660719,0.02178284575189541,-0.14252478236565916,2.0119682293975325,0.9730297456547201
2.382374650340969,0.5038635771153337,0.017470349699763927,-0.14258653026516155,2.003624738272974,2.4095040540041373,0.5213682206246306,0.023426143835622366,-0.14256374999422836,2.007273283974217,0.9703993944217588
2.384388034626589,0.5056619482525324,0.01776763948343568,-0.14256495136325642,2.0035225819733182,2.409824813229536,0.512932743586547,0.026695499465257,-0.14254822967745734,2.012743938617391,0.968806596378521
2.380601268703655,0.502116187144134,0.01697835073632709,-0.14257736529334117,2.004084441621425,2.40720520740987,0.5149221217378657,0.022531615363226995,-0.14255325281310025,2.0123048606493796,0.9804985107409833
2.377498303429555,0.5001920926368842,0.016285321470034326,-0.14257668640653967,2.003597453489142,2.408140358349956,0.5152545685463763,0.023171091192439375,-0.14252077828625978,2.0122348794418587,0.9730157356212052
2.378052275059587,0.501670255499371,0.015291895906803972,-0.1425702369819253,2.0036605576337396,2.3911353577958776,0.5113934816761784,0.02115008847933289,-0.14260623471956727,2.001198049414524,0.9809399614215295
2.37766821909759,0.5005999419648769,0.016110774824174785,-0.14257751076908434,2.0035322803561972,2.40133356766216,0.5085811750263187,0.026057998621153777,-0.14249717766511524,2.0091910576425827,0.97524417086762
2.375350693524894,0.4986359547760527,0.01571839138612909,-0.14256794169797735,2.003563573804952,2.47042233442302,0.5795767132553931,0.01851582019887072,-0.14250446436816638,2.0148354388297873,0.9674028725656542
2.3732038594908635,0.4972210253699351,0.014960684008517508,-0.14257586204399497,2.003599651789261,2.401069370567376,0.5076285648571403,0.02600183329120032,-0.14256487726883404,2.010005436890514,0.975389076363602
2.3740055924755032,0.4972722974874206,0.015659915188611564,-0.14258114766266386,2.0036546092922403,2.4146770360058363,0.5238922696305223,0.01982593310922032,-0.14248669852038084,2.013444472148345,0.9700032138954171
2.3715075476694913,0.4943032022249901,0.016236963918653584,-0.14259058742199915,2.0035558150986494,2.4055839520537825,0.516398328415891,0.020737145245779774,-0.14255722983790908,2.0110056631390365,0.977587114172596
2.3711814233812234,0.49485413502838654,0.01507923764697576,-0.14258552809893074,2.00383318884898,2.4067201005651597,0.5100500228557181,0.022342487993533448,-0.14256990040447695,2.016897215065381,0.9737224034060555
2.3695440777277543,0.49340936693094545,0.015181009042060982,-0.14259464457883672,2.003548185704118,2.4046977158133864,0.5154742518215315,0.021477633897858027,-0.14253628958483397,2.010282620188756,0.9774654087612481
2.3699863239870234,0.49421316890393274,0.014687998820159394,-0.142602484104997,2.0036869372351696,2.396757229563756,0.5118734661850806,0.020122724221953263,-0.1425479861861425,2.0073093567615987,0.9806918981266542
2.3714956509864935,0.494950472298315,0.01545478529849295,-0.1425920583434024,2.0036851268703653,2.3925166569703014,0.5086975458384124,0.021844419745406924,-0.1425590334772782,2.0045326178800975,0.9766357842972262
2.3682982881190413,0.49240710371631685,0.01470391427056264,-0.1426064927699202,2.0037945246292375,2.3906773776872785,0.5046173528576574,0.02353247739462706,-0.14255025877174757,2.0050773169695626,0.9770273979763869
2.3674350027310647,0.4912008511818061,0.015111910084546622,-0.1426104206149861,2.003730127366923,2.3890721386487885,0.5029903619283762,0.02297960556427074,-0.1425265138594535,2.0056293749076537,0.9763144648981967
2.3668724965240995,0.4921458292815645,0.01364320112487017,-0.14261303917836335,2.0036977994239935,2.401477281647089,0.5083087533360113,0.01985956647435542,-0.1424780410514092,2.0157871832520686,0.9784012132553225
2.3666120626158635,0.4912936970338983,0.01410465018223908,-0.14261848643674688,2.0038325422901218,2.402355004709663,0.5142724508371196,0.022364925267284924,-0.14258067714970726,2.008299482629654,0.9794825940551933
2.3620292534262446,0.4874884718555515,0.01365859124620082,-0.14262900918217028,2.0035096507961465,2.3916206089317376,0.5061007380203716,0.018162804010630217,-0.14263641862440898,2.00999447076315,0.9816132401653346
2.364848250049656,0.48884411181433723,0.01470314850241451,-0.14262414382675948,2.00392732781879,2.3981999967678784,0.5040687939799424,0.02376524832795416,-0.14260654133826,2.0129724957982416,0.977215614794044
2.3621399443028337,0.487333847304522,0.013791208550081415,-0.14263363207800914,2.0036499540684587,2.3956037661144354,0.5037599387743794,0.02498954520439707,-0.14246664205059656,2.0093206310948584,0.9824737944651931
2.362702450509799,0.48645759841143077,0.015062626135551323,-0.14263932179596464,2.0038219387248413,2.3965814829436316,0.5035840839358932,0.020347459941891067,-0.1426079301405742,2.015258500480201,0.9690830722519225
2.3608411368677173,0.48594526517189157,0.013741321482900845,-0.14265087903556178,2.00380525750629,2.401624747201906,0.5195428293647496,0.019503201153261443,-0.14255508350705987,2.005135177720523,0.97127509651824
2.361161054190943,0.4862378977112851,0.013880703408839339,-0.14264856758764236,2.0036932735119835,2.4332734236480498,0.5415018501011193,0.019087694497255007,-0.14262637235312314,2.015310878167479,0.9797952513624351
2.358890856726695,0.4839615579378807,0.013740298101457498,-0.14263104584257483,2.003821680101298,2.3808315268081413,0.4986338153234892,0.022110821789319914,-0.14267706363759142,2.002763031222296,0.9793396861757124
2.361009242170948,0.48603264760162873,0.01393442638849808,-0.14264632079560877,2.0036909459000927,2.390084629645021,0.504317624067302,0.023424617505806277,-0.14247237762379025,2.0048142742039747,0.9762365962927219
2.3619452007746293,0.4873051077632581,0.01344564102463803,-0.14264565807277874,2.003840300996425,2.3903440651318704,0.5007783064605497,0.020417461440354657,-0.14265902724390053,2.0118076333481087,0.9799814119292434
2.358975168001854,0.4842178215414791,0.013528554116265249,-0.1426624847670733,2.003890732587394,2.3803285278608897,0.493462528742797,0.027030178277486886,-0.14265387785350178,2.0024897437850915,0.9745600427936951
2.359233274298199,0.48418562291032174,0.013825803490008339,-0.1426654427738513,2.00388892222259,2.389652766234486,0.49860264843519136,0.023581389839767566,-0.14266417663429928,2.010132124519799,0.9756948241346342
2.3551852985963984,0.48072588645805747,0.01340967921887414,-0.14266749559822728,2.0037188772427834,2.3852042700945626,0.5034554483760897,0.021032281519391575,-0.1426162629544594,2.0033321155160313,0.9735685141307675
2.3581289517677435,0.48239898681640625,0.014715667498313774,-0.14266862707622982,2.003683575129105,2.380021620585845,0.49773105774647236,0.02358457777235243,-0.14267645040020593,2.0013820206301713,0.9815285783429651
2.3574221336235435,0.4828231940835209,0.013768958843360513,-0.14266456991939222,2.0034942626953125,2.379521074588135,0.4955688187980201,0.02350453000260301,-0.14266419467069297,2.003110917183806,0.969009414559864
2.353086568541446,0.479042182534428,0.012949927378509004,-0.14267405817064188,2.003770084704383,2.3780048631889037,0.4936059902182144,0.022678620990004665,-0.1425855018850196,2.0043055036107416,0.9772723136760423
2.35364674713652,0.47883324703927765,0.01386163699424873,-0.1426657175613662,2.003617496813758,2.3768125854203603,0.49503779129497266,0.02265852619288379,-0.14260527879070165,2.0017232691988034,0.9756973910649007
2.3564000533798994,0.48119312221721067,0.014159784478656316,-0.14267202151023736,2.003719006554555,2.3838355242501477,0.5009253752147053,0.021063164334488817,-0.1426622737947649,2.0045099641696216,0.9752810232054194
2.3568813517942266,0.482058411937649,0.013430517608836547,-0.14267565840381688,2.0040699587029924,2.396794745262633,0.5124067302009456,0.020327013435093223,-0.14262126805370862,2.006682988881501,0.9759575371348148
2.3548796055680614,0.4803302247645491,0.013486795506234897,-0.14267247410143835,2.0037349119024763,2.3840293072639627,0.49769581463320034,0.02299385431528655,-0.1426603889916242,2.006000058870789,0.9776337229296795
2.3571554927502647,0.4819483352919756,0.014043769593966209,-0.1426770161774199,2.00384068893174,2.3848218985483154,0.5051921005790115,0.019159371125782636,-0.14266776587664376,2.0031381882110666,0.9797646072582404
2.3524746652376853,0.4790505554716466,0.012211000515242754,-0.14267711316124868,2.0038934481346002,2.3771294487847223,0.4976461424049756,0.020740028814221104,-0.14265587087500461,2.001398036947769,0.9824834137131269
2.35196414236295,0.47739161475230074,0.013589348833439714,-0.14267795368776484,2.0036641783633473,2.390044228123153,0.5070967437527704,0.021380115626269763,-0.14269268315452774,2.004260051898641,0.9681887166736752
2.349323337360964,0.4756686970338983,0.012664784819392835,-0.14269465107028767,2.003686290676311,2.387004446476064,0.49666355574948284,0.02309978881908083,-0.1425960261207382,2.009837626283614,0.9724254104705508
2.349511873924126,0.4758584297309488,0.012930730641898463,-0.1427001953125,2.0034217187913796,2.3841424315251922,0.499544689277667,0.02134532342284002,-0.14271375868055555,2.0059667276152484,0.976211700775016
2.349829463635461,0.4761145640227754,0.012700152599205405,-0.142692679065769,2.003708015053959,2.3759863742981677,0.49395153144854465,0.02306433603273216,-0.142714200572201,2.0016844548795802,0.9799589608393953
2.3492780782408635,0.47521319631802833,0.012777807348865574,-0.14269188703116725,2.003979569774563,2.4006477518284575,0.5150766575590093,0.021410506949638926,-0.14267528705281288,2.0068352160442524,0.9489048883608893
2.3506536968683793,0.4760967189982786,0.013288387807749085,-0.14269169306350968,2.003961207502979,2.3773060611517436,0.4964269182642583,0.023821246821265976,-0.142643245399421,1.9996995858266844,0.9732983227688656
2.350479384600106,0.4761858471369339,0.013087901018433651,-0.14269405300334348,2.0038983619819253,2.386857702376995,0.5026277943424018,0.02107121307517338,-0.14270687779636249,2.0058664452663266,0.9723109374646459
2.351644483663268,0.4782485638634633,0.012288429979550637,-0.14268084703865697,2.0037880590406516,2.372374911116652,0.48765967980062425,0.023526983058198968,-0.14270260317105773,2.0038913880115987,0.9783091509727455
2.3486193640757413,0.47505702002573824,0.012649661403591349,-0.14269337411654198,2.0036063760013905,2.37215573286052,0.49309678675153296,0.01929287200278424,-0.14270437073763945,2.0024699758976063,0.9783426832062562
2.3485945362155722,0.47448536501092425,0.012895406302759203,-0.14269985586909925,2.0039109052237816,2.3777594239435578,0.49790059984716684,0.02185262404998707,-0.14268292546554096,2.0006892788212913,0.9766967622352943
2.348026598914195,0.4733867968543101,0.013329118995343224,-0.14269822330798132,2.0040104752880032,2.383510147707964,0.5037145231350657,0.019771623273267813,-0.14260797523155844,2.0026315819850766,0.9782979705739914
2.3469421903965837,0.47348584967144464,0.01241642438759238,-0.1426814289416297,2.003721334166446,2.37411506237995,0.4910310064365396,0.021654345465044602,-0.1426913484613946,2.004120810939347,0.9770201216151586
2.348303067482124,0.47385319208694715,0.01308987403320054,-0.14268925230381851,2.004048880884203,2.3677011764923166,0.4880179547249003,0.022789272010749113,-0.14271451620909056,1.9996085381113327,0.9759072581636693
2.346661066604873,0.47282044362213654,0.012833918555308197,-0.14270017914852853,2.0037087909245894,2.3784654405381946,0.4938556139068964,0.022592880483496555,-0.14270765336129118,2.004724380817819,0.9757281861636526
2.3474702996722723,0.4737385248733779,0.012513376898684744,-0.14268863807290288,2.003905862064685,2.3786460930574025,0.4972966331680334,0.021042916228021572,-0.14264663624143487,2.002953784121971,0.9775553827778577
2.3478437520689885,0.4745056023031978,0.01206529746621342,-0.14269078788110764,2.0039650868561307,2.398054262706856,0.5114153057125443,0.02114346461374991,-0.14254762545826868,2.0080437987126922,0.9783826056957696
2.346039852853549,0.47294122081691936,0.011911768024250612,-0.14269754442117982,2.0038841376870367,2.3714893963320036,0.48971333965905733,0.02272772056272971,-0.1427168429038767,2.0017661236702127,0.9754587727334594
2.346457529876192,0.4724902136851165,0.012762583918490653,-0.1426790690017959,2.0038824566340043,2.390391248337766,0.5084167913342199,0.02021615725037054,-0.14269995182118517,2.0044578750646425,0.9610746890854454
2.3470461570610435,0.473223314446918,0.012393371533539336,-0.14270413932153733,2.004134873212394,2.374028343399084,0.4935625585822067,0.021695506769996445,-0.1426587476797983,2.001428482380319,0.9804867183771578
2.3449978585970603,0.47174146619893736,0.012112341694912668,-0.14270135911844545,2.0038430165436307,2.3738945855034723,0.4928715121943336,0.02134778989967725,-0.14265952324472703,2.0023341979259013,0.9765510152917948
2.347324177370233,0.47412338903394796,0.01214444940373049,-0.14270080954341566,2.0037548259153204,2.381080573332225,0.4974648405755947,0.022104495524232833,-0.14267428603296303,2.004184876209737,0.9707073166386134
2.3440231064618646,0.4705025947700113,0.012319876986034846,-0.14270790552688858,2.003908577611891,2.3789190919123078,0.4964725864130836,0.02115462237779694,-0.1425618742092845,2.00385430518617,0.9830973194948799
2.342285673497087,0.469195446725619,0.011978770716715667,-0.1427036544023934,2.00381508520094,2.367796120068706,0.48922794423204785,0.021379319770398152,-0.14268808387413656,1.9998773525229019,0.9843790618858017
2.343674999172405,0.4701848434189619,0.01251742193254374,-0.14269684937040686,2.003670256016618,2.3761562049811613,0.4977255025372156,0.01957624629316037,-0.14271126064002937,2.001567146175015,0.9737707918313587
2.343017060877913,0.4700426004700742,0.011784677788362665,-0.14270455958479542,2.0038924136404264,2.385381171043883,0.5022270978201647,0.018729593173268274,-0.14270167429678265,2.007125529837101,0.9717936438165479
2.3440518136751853,0.4704858812235169,0.012419774370678401,-0.14270882687326206,2.0038543959795416,2.382456966607565,0.5032236446443743,0.018782479261393807,-0.14271944916276502,2.0031697879728134,0.972132207629231
2.3426461947166315,0.47005271911621094,0.011371071055784063,-0.1427034281067929,2.0039251295186706,2.3739612480145538,0.49175156036449097,0.022715796251950818,-0.14272721383024897,2.0022220837027187,0.9756226025015872
2.343871035818326,0.47044469542422535,0.012219847258874926,-0.14268860574495995,2.003897586111295,2.3699407194241284,0.4872755406877955,0.024138806841333987,-0.14270271138941987,2.001228350555925,0.9802951023154285
2.342794903254105,0.4694921525858216,0.012198893700615835,-0.14270750142760197,2.0038122403419623,2.376029950225325,0.49488823351848776,0.022214587416772864,-0.1426346781124178,2.001560653073286,0.9749111228245334
2.3424866239903337,0.4691520626262083,0.012399462320036808,-0.14270947343212062,2.0036442643505032,2.3660501971594265,0.48711407889147457,0.020900726318359375,-0.1426663860925264,2.0007025536070477,0.9761091142249749
2.342615418514963,0.4691112324342889,0.012304628299454511,-0.14270455958479542,2.003904827570511,2.374067879174054,0.4928341407866061,0.02117156531512033,-0.14272621281039913,2.0027884264646127,0.9775058455113509
2.3423203290519066,0.4687745692366261,0.012235214144496595,-0.14271125146898173,2.0040235357769465,2.376112629054004,0.49132085128315234,0.024067838141258728,-0.14265891902553837,2.003383771747562,0.9678157712978136
2.339829267081568,0.46712426007804225,0.011830486483493094,-0.14270134295447398,2.003575599799722,2.37652587890625,0.4969882829814938,0.02097437793199616,-0.1426952713770224,2.00125735307698,0.9780638970053834
2.3398008184917902,0.46642293768413995,0.012125227410914534,-0.14270751759157344,2.0039596557617188,2.402534502899675,0.5163043948775488,0.023231749838971076,-0.14271155824052525,2.005710466533688,0.9785425978741984
2.33948659088652,0.46693588515459483,0.011639252557592877,-0.14271118681309586,2.0036227985963984,2.39023743397237,0.505426934424867,0.022591773499833778,-0.14271270355152463,2.0049310057439422,0.9701762486341838
2.339013827049126,0.4669627173472259,0.011286543587506827,-0.14271729679430945,2.0034828832594016,2.379876463689421,0.4960393161638409,0.02172464230945488,-0.14272550037284834,2.0048396694462913,0.9718252180579753
2.3384665796312234,0.46558939400365795,0.011988827737711243,-0.14263052859548794,2.003521030232058,2.3678560008957596,0.49168305814125296,0.018641568808409056,-0.14269202482615803,2.000223362699468,0.9663387869973087
2.3390319306971663,0.465843071371822,0.012055543519682804,-0.14271138078075343,2.003843275167174,2.3884286001218973,0.5073710051552341,0.018634929160981594,-0.14265552818352448,2.0050787598810578,0.969340441254968
2.340354014251192,0.4661702301542638,0.012863297583693164,-0.1427068387047719,2.0040270271947827,2.370440399674941,0.4837208560736185,0.0240647967543726,-0.14272670881122562,2.00538032838357,0.9711019659698318
2.338438131041446,0.46505249152749273,0.012350625911001431,-0.14270763073937368,2.003742799920551,2.3651452030695923,0.4842123478016955,0.021548724343590703,-0.14271682486748302,2.002102033466312,0.9770567526961976
2.335665169408766,0.4633065239857819,0.011166299803782318,-0.1427121243234408,2.0039059913764565,2.369376541029477,0.48913686044390886,0.021511851191238874,-0.14273619595430703,2.001463545129654,0.9712504636032119
2.336453195345604,0.46359314352779063,0.011755753371675136,-0.1427181373208256,2.0038209042306674,2.376394285377881,0.4920595137503694,0.02107096282021092,-0.1425422325765551,2.0058067087304225,0.9705336289071478
2.3379860570875266,0.46518338736841236,0.011866399797342591,-0.14270724280405853,2.0036407729326666,2.3660835284149675,0.48179060122081857,0.023160548920327043,-0.14272890023305906,2.0038606539967496,0.9739129688767285
2.337931228896319,0.4651441735736394,0.011773445848691262,-0.14271614915233546,2.003729480808064,2.374423845439938,0.49118096101368575,0.021483732453474763,-0.14271348813465018,2.0044730256353427,0.9761734448854382
2.33469946909759,0.46244524293026684,0.011402971663717495,-0.14271821814068295,2.003570556640625,2.3917168511284723,0.509550486896055,0.020626331897492103,-0.14274086738027297,2.00428155127992,0.9802724902233945
2.335781808626854,0.4638587175789526,0.010978173401396153,-0.14271590669276352,2.003661074880826,2.3698179276558804,0.4856225773515994,0.021557602758385048,-0.14268099557141603,2.0053200146830674,0.971833048638369
2.3394084865764038,0.46649053541280455,0.011766978239609023,-0.1427114454366393,2.0038630598682468,2.37193597743979,0.4901212146659833,0.02005566040111208,-0.14274595364329382,2.004506212599734,0.975752347328571
2.335112490896451,0.46357019068831107,0.01072397171440771,-0.14272332595566573,2.003540426997815,2.368224809073951,0.48895335817449764,0.020185181998755634,-0.14273796352088874,2.0018238401300237,0.9708283134920134
2.335810515840175,0.46386576507051114,0.011040048073914092,-0.14271976988194351,2.0036238330905722,2.3777579810320626,0.4942407269849845,0.021899665219282147,-0.14271018747460476,2.004328301612367,0.9761835921587646
2.3358030157574152,0.463881767402261,0.0108059725518954,-0.14272012548931576,2.003834223343154,2.3652906485483154,0.4832673129178672,0.022912510179740598,-0.14271903432571015,2.001829611776005,0.9752943567734744
2.3361622438592424,0.46452325077380163,0.010506188465377032,-0.14272022247314453,2.0038529735500528,2.3709584049017436,0.48973198929013373,0.020337355052325742,-0.14271401119006724,2.0036030942948435,0.9771043137780779
2.333698854608051,0.46193507566290387,0.011024779182369425,-0.14271603600453522,2.003454046734309,2.376378124769134,0.4957025406208444,0.02135561994908831,-0.142716707630924,2.002035803828679,0.9716904966649323
2.334825677386785,0.46290446135957364,0.01101792363797204,-0.14271642393985037,2.0036191778667902,2.363888282866061,0.48348991808880026,0.022876928884086878,-0.14271550821074358,2.00023808039672,0.9725768769814392
2.336980528750662,0.4648666705115367,0.011053242925870217,-0.14271189802784032,2.003773317498676,2.408166186465721,0.5210985043933769,0.02327128786849074,-0.1427346628608433,2.0065316274656473,0.9616649554499358
2.3363950050483315,0.4639152914790784,0.01163056745367535,-0.1427232936277228,2.0035734014996027,2.360020414311835,0.4792896387988512,0.023381368488284714,-0.14266910056977689,2.0000184692671397,0.9737214159271519
2.337580018124338,0.46573018219511386,0.010796843949010817,-0.1427193657826569,2.003770989886785,2.3645452404698584,0.4868060894328088,0.019842803900968944,-0.1426810496805971,2.0005781746361553,0.9712259038351627
2.3354179253012446,0.4642583879373841,0.010225840544296523,-0.14272020630917306,2.0036529282392084,2.3717508518949466,0.4891024109319592,0.02227597653724905,-0.14272627593777704,2.003097209524601,0.9742554960519684
2.3360867257845603,0.4637044163073524,0.011155498229851157,-0.14271857374805516,2.0039480177022644,2.3885578849918736,0.5069804450862515,0.019773726767682014,-0.14272521179054928,2.004529010601359,0.9675108029528788
2.3338410975569386,0.461942769713321,0.010931050373336016,-0.14272639711024399,2.0036954718121027,2.368352362450133,0.4858428017185653,0.02150514616188428,-0.14274125516273733,2.003746231115174,0.9810940741831873
2.3331637624966897,0.4613926127805548,0.011004553002826238,-0.1427208367040602,2.0034866333007812,2.36308602407469,0.4798405063349586,0.022616519431977688,-0.14273754868383384,2.0033668896830674,0.9748501992131694
2.3332294528767212,0.46155570725263173,0.010719479140588793,-0.14271858991202663,2.003672195693194,2.3741173710383423,0.48961107330682996,0.023166237147987313,-0.14270137669628674,2.004040296477911,0.9716246386147644
2.3380566613148837,0.46595938731048064,0.01111040580070625,-0.14271970522605767,2.003708144365731,2.3752191782561316,0.4921412907593639,0.02134433142118702,-0.1426816448815889,2.0044151648843824,0.9724674926620768
2.3332139354641153,0.46082884578381555,0.011381857475991977,-0.1426862134771832,2.0036892648470603,2.3683432721077127,0.48498192464769874,0.024184127789580793,-0.14271628377567228,2.0018946870844414,0.9740652718513616
2.3344483456369174,0.4630269519353317,0.010457954164278709,-0.14272284103652177,2.003686290676311,2.3604762300531914,0.48270259343140515,0.020282093796606043,-0.14269176329844951,2.000184836962544,0.9751424201031667
2.3358379299357788,0.463941412456965,0.010755127769405558,-0.14268058841511355,2.00382413702496,2.3623518707058953,0.4799100907418181,0.02360426900516447,-0.14270177349694796,2.0015385765274085,0.9776237300126741
2.3329930709580244,0.4611772440247617,0.010934179112062617,-0.14271812115685414,2.0036013328422935,2.365571583416445,0.4865993923611111,0.018210184489581602,-0.14273729617432218,2.003498916084885,0.9721242507236598
2.333467386536679,0.4612983444989738,0.01131115828530263,-0.14272321280786546,2.003580513647047,2.3668674622303487,0.4911745039847444,0.020011599745874426,-0.14272605048285592,1.998410921570257,0.9721378816691623
2.3309783935546875,0.4604944132142148,0.009547361883066468,-0.1427159551846779,2.0036509885626326,2.371414797807698,0.49011046497534355,0.022909777666096427,-0.14271957541752087,2.0011132062186023,0.9663664853742013
2.3327538441803495,0.46081255250057934,0.011105163622710664,-0.14272190352617684,2.0035572375281383,2.3843878707705377,0.5009886829565603,0.021739141315433152,-0.14274405080375943,2.0044043430481677,0.9649084129409724
2.328877335887844,0.4582750352762513,0.009926008976111978,-0.14272600917492884,2.0034027099609375,2.361786826564347,0.4793632633578975,0.02338401081996043,-0.14273602460856696,2.0017756468860815,0.9757113608461445
2.33231909800384,0.46015726509740795,0.011335096116793357,-0.14271909099514202,2.003545987403999,2.364668320820405,0.48277192532875296,0.022324293781397754,-0.1427191245076786,2.0022907662898937,0.9687513717728877
2.330774080955376,0.45961984537415584,0.010197194956116757,-0.14272431195792507,2.003678531970008,2.3611011550217937,0.4808605726165411,0.021834159291946015,-0.14274553880623891,2.001152020537825,0.9731128435060343
2.3318163338354077,0.45949777506165584,0.011625452566955049,-0.14271508233021882,2.003409304861295,2.363459882443115,0.4852641942089613,0.020289497736216154,-0.1427374945746528,2.0006432499445923,0.9784525323568114
2.3326728950112554,0.46028754670741195,0.011610116999028093,-0.14272450592558264,2.00350085759567,2.3616578302766698,0.4832363263935062,0.019066510752865046,-0.1427433293480118,2.0020972718583776,0.9833328595991123
2.330993135096663,0.4592696044404628,0.010818843114174019,-0.14272878937802072,2.003634695279396,2.3579784059637263,0.48182411284029625,0.01867856708824212,-0.14275925548364085,2.000235338864879,0.9833816896168857
2.330432956501589,0.4593552734892247,0.01021569260096146,-0.1427246514013258,2.003585944741459,2.3785678872543587,0.49426673546468675,0.02050647329776845,-0.1427289272876496,2.006523114287825,0.9716080715000693
2.3292303570246293,0.4576748023598881,0.010859215663651289,-0.14272486153295486,2.003419908426576,2.377065816387781,0.4933186704667184,0.02047115352982325,-0.14273434722395373,2.0060111692893026,0.9763011266903648
2.3323881504899364,0.46036251520706434,0.010933481030544992,-0.14272487769692632,2.00381430933031,2.3716637000406324,0.4873812339548242,0.019238000784078106,-0.14272723186664266,2.0077719541869827,0.9762601733548033
2.330015279478946,0.45852880962824416,0.010496207212997695,-0.14272626779847225,2.0037164203191207,2.3611533884179225,0.4813562848607417,0.021826342769830222,-0.14271393002629562,2.000684805795656,0.9769500527263213
2.3318096096232788,0.45975436194468355,0.011264076677419372,-0.14271865456791247,2.0035092628608315,2.3628228370179523,0.47866272982694297,0.023878192225246564,-0.1427438704398225,2.003025496823286,0.9768730205571015
2.3286531092756886,0.45748248342740333,0.010438185627177611,-0.14272864390227755,2.0034601243875794,2.3570073265274085,0.4748182364389406,0.023078886893342292,-0.1427264112107297,2.0018361048777336,0.9772233158139682
2.3314371917207364,0.4604222572455972,0.010128597081717799,-0.142708164150432,2.0035966776185115,2.371246698618499,0.49187348638584144,0.020415558600820265,-0.1427106474026439,2.0016684385619827,0.9716508956990917
2.3316839185811706,0.4608899455959514,0.009898268570334224,-0.142688815876589,2.003584134376655,2.369795851110003,0.48919724628998595,0.020992993744834376,-0.14266960558880024,2.00227662575724,0.9720259702790531
2.33122046519134,0.4587050615730932,0.01147012589341503,-0.14269555625268968,2.003738274008541,2.36066900302896,0.4812571929138039,0.022288899613328576,-0.14272975696175938,1.9998516686982861,0.9727627765741366
2.328586384401483,0.4569282531738281,0.010990897477683375,-0.1427089885129767,2.003376976918366,2.358192678320774,0.48135902639258277,0.019383664954075012,-0.1426801929518968,2.0001301506168736,0.9759036260079017
2.3292593228614935,0.45792750988976433,0.010408234798302085,-0.14270860057766155,2.003632496979277,2.358181423611111,0.47495527695820405,0.024441888146366633,-0.14271572464746787,2.0015007722462324,0.9805327375917685
2.328835956120895,0.45761354090803763,0.01034208273483535,-0.1427100230071504,2.0035903413416976,2.373267784749926,0.49390864090434766,0.019559343937722785,-0.142714200572201,2.0025141289893615,0.970378269724209
2.32697438385527,0.4564777309611692,0.009606032048241567,-0.14271448426327463,2.0036053415072166,2.366771508615913,0.4882544479189753,0.01932597329430546,-0.14270915940016438,2.001899737274675,0.971620412531559
2.328114137811176,0.45746939061051706,0.009702798673662088,-0.14271661790750795,2.0036583593336204,2.361604009677896,0.4829955766105201,0.020349624309133976,-0.14272856655977578,2.000987528627364,0.9757276945760344
2.3301963159593484,0.45861328254311773,0.01051218428854215,-0.14270231279276185,2.003774739928165,2.39202260407432,0.5053074613530585,0.021646806252481807,-0.14272671782942248,2.0077943193151597,0.9727597733052927
2.3301774364406778,0.45911439798646053,0.01034161397966288,-0.14270496368408203,2.0034290895623674,2.3737468313663563,0.4917364819393654,0.020102079314824817,-0.14268224910077756,2.004590767213357,0.969519701070349
2.327746892379502,0.4570567890749139,0.009838726560948259,-0.14270698418051508,2.003558272022312,2.360384893755541,0.48198449245299574,0.01983695785486388,-0.14272840423223257,2.0012916943705674,0.9784272256540109
2.3296319993875794,0.4577409776590638,0.011104785789877681,-0.142706111326056,2.003490512653933,2.3607189277666962,0.48298421368249483,0.019493197718410626,-0.14274313094768118,2.0009840656397753,0.9838297675782981
2.3303010584944386,0.4574436898958885,0.011973499241521803,-0.14271506616624735,2.003598746606859,2.392939430038416,0.5079454282215019,0.01894197847262624,-0.1427201976731032,2.0087714589797576,0.9580356400917335
2.3276165461136125,0.4565666004762811,0.010188486616490251,-0.14271757158182435,2.0035783153469278,2.3843525194389037,0.4985378617090536,0.020725838681484792,-0.14270546193945774,2.007793886441711,0.9779853609632057
2.329579240184719,0.4580827809996524,0.010515935340170132,-0.14271142927266783,2.003691204523636,2.3663462825982564,0.4877019210346483,0.02026770977263755,-0.14266680994777814,2.0010426478464836,0.975185757654392
2.328283536232124,0.4571208307298563,0.01060768709344379,-0.14270535161939718,2.003261372194452,2.371516523068115,0.4898942807605644,0.02039997741122054,-0.1427067244870161,2.0039280379635787,0.9752765474551156
2.3261765302237816,0.45540867821644926,0.010108185016502768,-0.14272318047992252,2.003383830442267,2.3564591644503547,0.4789398770523973,0.020888448043354296,-0.142748334447261,1.9993804138039302,0.9766551495246143
2.3277499958620234,0.4568070557157872,0.009937318704896054,-0.14271871922379833,2.0037263773255427,2.3594060225971485,0.4824284763200909,0.018619660226447645,-0.14270548899404828,2.001063281480866,0.9820683130316616
2.3262918763241527,0.4556186482057733,0.00993536791558993,-0.14272175805043366,2.0034587019580905,2.3763417633994535,0.4928717647038453,0.02132179043817182,-0.14272286705936946,2.004870403461141,0.9809908273918273
2.3295435501357256,0.45848241903014103,0.010397759534544864,-0.14271816964876854,2.0033777527889964,2.3673701725953014,0.489249876486776,0.017865159551020773,-0.14256631116213248,2.0028204590998078,0.9720401766001096
2.329908209331965,0.4585086693197994,0.010525683225211451,-0.14270840661000397,2.0035830998824813,2.3716968870050237,0.4870773567939199,0.02315512898402293,-0.1426906901330249,2.004155873688682,0.9757245893466586
2.3273090427204712,0.4559029724638341,0.01042031938746824,-0.14272248542914956,2.003709437483448,2.3648680197713503,0.4836463296948877,0.02177040514934711,-0.14270498397502493,2.0021565755208335,0.9767514340234233
2.328607850155588,0.4575173652778238,0.01039707054526119,-0.14271160707635394,2.0034067186258606,2.3568626025044326,0.4715064299022052,0.02608155415131409,-0.14273193034719914,2.0020070898899234,0.9784443956526596
2.3279462911314885,0.457230745735815,0.009716365296961897,-0.14271944660251423,2.00371861861924,2.355560086297651,0.47515432659897683,0.022871330838395067,-0.14269403588405455,2.0002297115100474,0.9827680200675417
2.3247978081137446,0.45475998571363546,0.009278420674598824,-0.14272521714032707,2.0034861160536943,2.364984462729019,0.4878577915489251,0.01809971946914709,-0.14273827915777834,2.001765402214465,0.9702570766547839
2.3254272978184587,0.45523219997599973,0.009484077914286468,-0.1427283044588768,2.003437882762844,2.360866681903812,0.4778266347610077,0.02338913766486707,-0.142688408529223,2.002340402445331,0.9755709046933878
2.329234495001324,0.4583533335540254,0.01004118636503058,-0.14269925780215506,2.0035387459447827,2.3760601070755762,0.49643586431552894,0.019911538342775745,-0.14274304076571273,2.002457855441046,0.9741735138552453
2.3284175032276218,0.45741915298720537,0.010111964355080815,-0.1427209175239175,2.003606634624934,2.3600883754432624,0.47929937845144427,0.0214074655627528,-0.14272916176076758,2.0021111238087324,0.9793347025723553
2.325708680233713,0.45483168909105204,0.010132022833420058,-0.1427313594494836,2.003477581476761,2.35604562601581,0.47015629761607935,0.028210335589469747,-0.14275836268215314,2.000436625018469,0.980651609085052
2.3255193677999206,0.45469348713503044,0.010366822703410003,-0.1427320868281995,2.0031918024612687,2.3582612166167998,0.4776392727033466,0.02296766772619658,-0.1427340676598515,2.0003887203568262,0.974077856949421
2.324316768322961,0.4536027746685481,0.009908355898776297,-0.14271944660251423,2.0035267199500133,2.3714898292054523,0.4888929362556331,0.022538128755898622,-0.14273225500228556,2.0027913122876035,0.9753566008422357
2.3275849940413136,0.45687727200782907,0.009927154597589525,-0.14272098217980336,2.003502150713387,2.359510777971705,0.47722310095532283,0.023747232225206163,-0.14271697817682938,2.0012563430389334,0.9738910741230109
2.325406607934984,0.4550136630817995,0.009622382915626138,-0.14272712448895988,2.0034942626953125,2.3569432612570185,0.4826999240451389,0.01799466987591827,-0.1427359885357796,1.9989847674719268,0.9770794318581741
2.3276543051509533,0.45618871915138376,0.010691328574035127,-0.14272065890037408,2.003494133383541,2.3779946185172873,0.4924397570021609,0.023356433174007048,-0.1427380537028572,2.0049366330987737,0.9747021340068343
2.325324365648173,0.45498249894481596,0.009488795773457672,-0.14273035728325278,2.0035854274943725,2.357060281379285,0.4803740589331228,0.01912603085204501,-0.14273661079136193,2.000295075400783,0.9710228255762593
2.32344184487553,0.4521815089856164,0.010586086976326119,-0.14272398867849576,2.0033992185431013,2.37682182005393,0.49380200974484706,0.021353027217495244,-0.14273227303867927,2.0043995814402336,0.9733526001049029
2.3242058188228283,0.45309684236170883,0.010436947062864141,-0.14272673655364473,2.003398313360699,2.35986631136414,0.48101821069739953,0.02026984708528992,-0.1427260324464622,2.0013042477005762,0.9797148696323807
2.327137058064089,0.4561305288541115,0.010223602844496905,-0.1427203679488877,2.003503055895789,2.3594141029015216,0.4774818510592125,0.02175608876185496,-0.14273772904777077,2.0029145369292998,0.9807518801478281
2.327073436672405,0.4552264779301013,0.010978954323267533,-0.14272482920501192,2.0035938327595337,2.369732940168809,0.48613971683150486,0.02200215026278304,-0.14274721619085218,2.004336814790189,0.9731199653663899
2.324499873791711,0.4536288633184918,0.01019377122491093,-0.1427290318375927,2.0034063306905456,2.369073241033171,0.4835286602624483,0.020022439618482657,-0.14269785959951703,2.008219833915115,0.9709206738417157
2.324887809106859,0.4542977931135792,0.00981487662105237,-0.14272566973152806,2.0035007282838984,2.36640616342531,0.4854361892591977,0.019725711633127634,-0.14270618339520538,2.003950691674054,0.9796765265316547
2.3242034912109375,0.4538216671701205,0.009736895561218262,-0.14272458674543995,2.0033703820180087,2.3658378005873226,0.48306281628619974,0.02200949332956445,-0.1427392441048408,2.003505553477763,0.9745629847020307
2.3255452301542636,0.4547713974774894,0.009916518704365876,-0.14272298651226498,2.0035833585060248,2.3604115876182035,0.48095511939226876,0.020281110813149886,-0.14271074660280916,2.0018861739066196,0.9819354109213965
2.325748766882945,0.4548224432993743,0.010282090154744811,-0.14272052958860235,2.0033648216118247,2.36336970047466,0.47904300915152187,0.022600225804827175,-0.14271974676326094,2.0044457546080823,0.9725809856806076
2.3239567643505032,0.45408058166503906,0.009458958092382399,-0.14272463523735435,2.003139301881952,2.3584906395445477,0.480186155783651,0.01955670611514549,-0.14271110733068298,2.001459072104019,0.9751405360163867
2.3224771790585277,0.4525172993288202,0.009469959695460432,-0.14271776554948193,2.003205768132614,2.365472166814421,0.486750645558603,0.021218475720561143,-0.1427045240469858,2.000209077875665,0.9711231325288503
2.3244372868942,0.4539556664935613,0.009903900704141391,-0.14271739377813825,2.003295381190413,2.36741331564901,0.48306938153350326,0.02332974607499215,-0.14273233616605718,2.003746663988623,0.9720593557493975
2.3244047003277277,0.4536581847627284,0.009938356229814432,-0.14272099834377483,2.00353098723848,2.373481768524675,0.49343918964936095,0.019422526618831266,-0.14273402256886727,2.0033537591884603,0.9710698547978749
2.321766481561176,0.4513698189945544,0.00976562803074465,-0.14272786803164725,2.003355899099576,2.362977950003694,0.48018406356198284,0.02209863369628329,-0.14272994634389313,2.0034244618517287,0.977414822493406
