mse_loss,oe_loss,diversity_loss,router_load_balance_loss,total_loss,learning_rate,weight_mse_loss,weight_oe_loss,weight_diversity_loss,weight_router_load_balance_loss
1.174720893471928,1.3364226777674788,0.0003393702208995819,4.0057016146385065,3.0691494699251853,0.001,0.8445584177970886,0.8732576966285706,100.0,0.2497406005859375
1.1763115575758076,1.115941322455972,0.000022376504710922805,4.004516342938957,2.9875754663499734,0.0009999383162408303,0.8629253506660461,0.9026404023170471,100.0,0.2502935230731964
1.1616468267925715,1.0775521488512976,0.000017796455629927627,4.00607636015294,2.9864124362751587,0.0009997532801828658,0.8738596439361572,0.9328290820121765,100.0,0.2502012848854065
1.148376982090837,1.058969465352721,0.00001651348281746446,4.006700936010328,2.9859996730998413,0.0009994449374809851,0.8809404373168945,0.9548336267471313,100.0,0.24946117401123047
1.1347340729277013,1.0355548535363148,0.000016463445933630406,4.007453530521716,2.985110525357521,0.0009990133642141358,0.8889092206954956,0.9689818024635315,100.0,0.2489199936389923
1.1243077940860038,1.016436689991062,0.000015523663516771996,4.007572238728152,2.9858245849609375,0.000998458666866564,0.9035466909408569,0.9838942885398865,100.0,0.24906828999519348
1.1147788096282443,0.9966637562897246,0.00001579243985746624,4.007233183262712,2.986617266121557,0.00099778098230154,0.9054835438728333,0.9990984201431274,100.0,0.25012651085853577
1.1045439122086864,0.9888890799829515,0.000016033285400056738,4.00423858125331,2.9860837257514565,0.0009969804777275899,0.9189041256904602,1.0030990839004517,100.0,0.2498992532491684
1.1014329296047405,0.9814602480096332,0.000015223119605206332,4.005808426161944,2.9861897614042636,0.000996057350657239,0.9039087891578674,1.019790530204773,100.0,0.24939578771591187
1.0938912084547139,0.9727474794549457,0.00001493185833570058,4.005054538532839,2.985547857769465,0.0009950118288582787,0.922800600528717,1.0253621339797974,100.0,0.24912239611148834
1.0913248870332362,0.9598686735508806,0.000014067146043151111,4.003881939386917,2.9877071057335804,0.0009938441702975688,0.9278537631034851,1.0289435386657715,100.0,0.25007134675979614
1.085825386693922,0.9530405594130694,0.0000133584411341255,4.004791259765625,2.9855775994769598,0.000992554663077387,0.9309925436973572,1.055045247077942,100.0,0.24911612272262573
1.0818441358663269,0.9522949477373543,0.000013153599496236291,4.005409111410884,2.9865401963056146,0.0009911436253643444,0.9243118762969971,1.0463802814483643,100.0,0.24947233498096466
1.0812776209944386,0.9446003800731594,0.000013406031323060141,4.004255391783634,2.9842376708984375,0.0009896114053108828,0.9327636957168579,1.055177927017212,100.0,0.24898430705070496
1.0750610868809587,0.9409190032441738,0.000013317753979146986,4.0036670232223255,2.983928098516949,0.0009879583809693736,0.9352343678474426,1.0686514377593994,100.0,0.24918369948863983
1.072896537134203,0.9326803563004833,0.000013165378161721816,4.001170530157574,2.9860819153866527,0.0009861849601988382,0.942293107509613,1.0727765560150146,100.0,0.2486744225025177
1.0714951854641155,0.9296449564271054,0.00001309549049237522,4.0012768244339245,2.983994306144068,0.0009842915805643154,0.9498255848884583,1.0716649293899536,100.0,0.24910074472427368
1.0692535659014168,0.9189515194650424,0.000013306043387027616,4.00416771840241,2.9851751812433793,0.000982278709228899,0.9417576193809509,1.0941553115844727,100.0,0.24981078505516052
1.0673405922065347,0.9130783081054688,0.000012960041265429582,4.002960722325212,2.983697664939751,0.0009801468428384714,0.9440383911132812,1.0936816930770874,100.0,0.2499474734067917
1.0642410536943856,0.9113754013837394,0.000013100274372845888,4.004100217657574,2.985721394167108,0.0009778965073991648,0.9499601721763611,1.0819451808929443,100.0,0.24869152903556824
1.0615677914376986,0.9075573420120497,0.000012999377805360798,4.003429606809455,2.984251119322696,0.0009755282581475766,0.9424121975898743,1.1074103116989136,100.0,0.2489681988954544
1.0595476182840637,0.9022015717069981,0.000012687576137546261,4.0010637186341365,2.9857762223583157,0.0009730426794137723,0.9510636925697327,1.1015172004699707,100.0,0.2502037584781647
1.0592390157408633,0.8961909019340903,0.000012974248867545088,4.004537032822431,2.9860087249238614,0.0009704403844771124,0.9585013389587402,1.1102795600891113,100.0,0.24896793067455292
1.0581025592351363,0.8944405377921412,0.000012548714363158255,4.0025895975403865,2.9858444989737816,0.0009677220154149334,0.9583926796913147,1.111799716949463,100.0,0.2500876784324646
1.0534318180407507,0.8971088215456171,0.000012438360530630512,4.00343607239804,2.985169491525424,0.0009648882429441253,0.9630195498466492,1.1090346574783325,100.0,0.2492293119430542
1.0565790079407773,0.8891673977092162,0.00001202697739383932,4.0036983166710804,2.9846380201436706,0.000961939766255643,0.9589416980743408,1.1222585439682007,100.0,0.24869860708713531
1.052824957896087,0.8856399665444584,0.000012207821690303794,4.003193742137844,2.9853117344743114,0.0009588773128419901,0.9606887102127075,1.1192004680633545,100.0,0.2496674656867981
1.0530074814618644,0.8836407418978416,0.000011762533084315769,4.004423497086864,2.985223543846001,0.0009557016383177221,0.9574276804924011,1.1331546306610107,100.0,0.2486191838979721
1.0506790937003443,0.8769181461657508,0.000011823101608493065,4.00013939808991,2.9869369248212396,0.0009524135262330093,0.9620655179023743,1.1172915697097778,100.0,0.2500396966934204
1.0484467199293233,0.8773708020226431,0.000011329500643946861,4.002992791644598,2.9854043217028603,0.0009490137878803073,0.9640538096427917,1.1248859167099,100.0,0.2494143843650818
1.0487152358232918,0.8792819006968353,0.000012210915575466923,4.0041759943557995,2.9853872525489935,0.0009455032620941834,0.9680836200714111,1.1368043422698975,100.0,0.24868781864643097
1.047447139933958,0.8711090087890625,0.000011314975366122642,4.001391136040122,2.9833291263903603,0.0009418828150443463,0.9687156677246094,1.1340745687484741,100.0,0.24933189153671265
1.0448464862370894,0.8753889051534361,0.000010795218443845289,4.0010427701271185,2.984987161927304,0.0009381533400219311,0.9701336622238159,1.1363227367401123,100.0,0.2499943971633911
1.045659275378211,0.8716560622393075,0.00001119633927404628,4.003965733414989,2.9851557844776218,0.0009343157572190951,0.9658957123756409,1.145783543586731,100.0,0.24938467144966125
1.0457176596431408,0.8649627556235103,0.000011327911278832767,4.002246921345339,2.985079231908766,0.0009303710135019713,0.9679470062255859,1.1472620964050293,100.0,0.2492649108171463
1.0439305709580244,0.8628556849592823,0.000011421195468155005,4.0013580322265625,2.986853906663798,0.0009263200821770456,0.9676786661148071,1.1473029851913452,100.0,0.24944156408309937
1.0427041781150688,0.8619349204887778,0.000010968760145291434,4.0024770962989935,2.985464063741393,0.000922163962751007,0.9678892493247986,1.1487973928451538,100.0,0.24917010962963104
1.041478884422173,0.859223317291777,0.000011418710297005156,4.002918049440545,2.9841225834216103,0.0009179036806841347,0.9704301953315735,1.1607871055603027,100.0,0.24969929456710815
1.039063017247087,0.8626450360831568,0.000011228574479346053,4.001573982885328,2.9856857041181146,0.0009135402871372803,0.9698978662490845,1.1467359066009521,100.0,0.24993140995502472
1.041820073531846,0.8587519758838719,0.00001131479285057571,4.001818123510328,2.9845643124337924,0.0009090748587125112,0.9679944515228271,1.1647552251815796,100.0,0.24962036311626434
1.0389780594130693,0.8568062216548596,0.000011256804208318561,4.003724954896054,2.9850794905323093,0.0009045084971874732,0.9722335338592529,1.1623437404632568,100.0,0.24946686625480652
1.0387515051890228,0.8550780991376457,0.000011242503868573803,4.002523648536812,2.9854138907739673,0.0008998423292435448,0.971270740032196,1.1600377559661865,100.0,0.24978631734848022
1.0391371128922802,0.8511444996979277,0.000010778507912310503,4.002236317780058,2.983353437003443,0.0008950775061878446,0.9783478379249573,1.1657217741012573,100.0,0.24890519678592682
1.040267685712394,0.8519337540965969,0.000011025900336897979,4.0012866521285755,2.9852613028833423,0.0008902152036691643,0.9759745001792908,1.1705045700073242,100.0,0.24940356612205505
1.0374119645458157,0.8486477480096332,0.000010636416106027062,4.002570200774629,2.9850921630859375,0.000885256621387894,0.9751112461090088,1.1662712097167969,100.0,0.24977374076843262
1.0367749101024564,0.8463952016022246,0.00001037922407642512,4.002543562549656,2.9837799072265625,0.0008802029828000149,0.9725126028060913,1.1719356775283813,100.0,0.25095731019973755
1.034483117572332,0.8454753423141221,0.000010435038317247467,4.004405134815281,2.9847034519001587,0.0008750555348152292,0.9780741930007935,1.1789515018463135,100.0,0.24905110895633698
1.0350279080665719,0.8471282700360832,0.000010231342087736574,4.002808651681674,2.9851863020557468,0.0008698155474893041,0.9785410761833191,1.1712442636489868,100.0,0.24916668236255646
1.0338907403461004,0.8447418859449484,0.000010323513425507788,4.002649598202463,2.9852113885394598,0.0008644843137107051,0.9741958975791931,1.1879810094833374,100.0,0.24980777502059937
1.0341507216631356,0.839009301137116,0.000010199185808078718,4.001423463983051,2.985634755280058,0.0008590631488815938,0.9779083132743835,1.183940052986145,100.0,0.24940761923789978
1.0338646193682137,0.8393047138796015,0.000010060929787992421,4.002882359391552,2.9848156945180087,0.0008535533905932731,0.9788420796394348,1.1784063577651978,100.0,0.25051379203796387
1.0334271576444982,0.8410151853399762,0.000010088408736796197,4.003866939221398,2.9849395751953125,0.0008479563982961564,0.9718921184539795,1.1780667304992676,100.0,0.2507694363594055
1.0345011565644862,0.8427608296022577,0.000010041983687650349,4.004621602721134,2.9859285516253973,0.0008422735529643437,0.9835905432701111,1.1651016473770142,100.0,0.2484690397977829
1.0318031311035156,0.8403840145822299,0.000010035093479111033,4.001898814055879,2.9848069013175316,0.000836506256754886,0.9756896495819092,1.1927138566970825,100.0,0.2496372014284134
1.0312889874991724,0.8369868650274762,9.866920694456262e-6,4.003081499519995,2.985523805779926,0.0008306559326618253,0.9819992780685425,1.1858934164047241,100.0,0.2502155303955078
1.0315814907267942,0.8362305851305946,9.963106387689458e-6,4.002160541081833,2.985497684802039,0.0008247240241650912,0.9804688096046448,1.1905148029327393,100.0,0.24996298551559448
1.030994027347888,0.8363968154131356,0.000010012795998699078,4.002451751191737,2.985348459017479,0.0008187119948743442,0.9794436693191528,1.1886255741119385,100.0,0.24983970820903778
1.0307786585920948,0.8348993850966632,0.000010087627372941223,4.0023860608117054,2.9851107839810647,0.000812621328167852,0.9825913310050964,1.1947638988494873,100.0,0.24980111420154572
1.031871343063096,0.8299931671659825,0.00001016057933033523,4.000397245762712,2.9854309599278337,0.0008064535268264877,0.9742687940597534,1.1862093210220337,100.0,0.2497984617948532
1.029267262604277,0.8364916009418035,9.53595292107281e-6,4.001131219378973,2.9843783621060647,0.0008002101126629415,0.9870834350585938,1.1865695714950562,100.0,0.24962998926639557
1.0301853115275754,0.8325984760866327,0.000010077623547828299,4.004107200493247,2.9851806123377913,0.000793892626146236,0.9819061756134033,1.1974140405654907,100.0,0.25008222460746765
1.0284463914774231,0.8295316534527277,9.83947035619768e-6,4.003266932600636,2.9850657834845076,0.0007875026260216388,0.9834094047546387,1.1980634927749634,100.0,0.24925783276557922
1.0296400684421345,0.8270138239456435,9.657275444685907e-6,4.0013588080971925,2.9845200878078653,0.0007810416889260649,0.9854663610458374,1.206993579864502,100.0,0.25110340118408203
1.0293284270722987,0.825693615412308,9.430365210746305e-6,4.002775547868114,2.9855778581005032,0.0007745114089990654,0.9841890931129456,1.2096132040023804,100.0,0.2497124969959259
1.026852300611593,0.8236782914501125,9.485833165314743e-6,4.002288818359375,2.9860113111592956,0.0007679133974894978,0.9868480563163757,1.206786036491394,100.0,0.2498781979084015
1.025939488815049,0.823975967148603,9.294049774880631e-6,4.00216028245829,2.9855119090969278,0.0007612492823579739,0.9857967495918274,1.208593487739563,100.0,0.24916677176952362
1.0253438787945246,0.8226459309206171,9.271708885365623e-6,4.00400038896981,2.9855618234408103,0.0007545207078751852,0.9865321516990662,1.2118183374404907,100.0,0.24925905466079712
1.0251067856610832,0.8191549010195974,9.416679504437971e-6,4.001086994753045,2.9850479384600104,0.0007477293342162034,0.9847588539123535,1.2163504362106323,100.0,0.2503489553928375
1.0247626870365467,0.8214512194617319,9.274990218928304e-6,4.002933825476695,2.9845454329151218,0.0007408768370508571,0.9861288666725159,1.2134277820587158,100.0,0.2494635432958603
1.0248989816439353,0.822003704006389,9.148515824039103e-6,4.00197122864804,2.984594571388374,0.0007339649071302863,0.9882966876029968,1.2259923219680786,100.0,0.24974238872528076
1.0227626865192996,0.8198805986824682,9.231530800777472e-6,4.002938222076933,2.9862003649695446,0.0007269952498697729,0.9866529107093811,1.2161624431610107,100.0,0.24982953071594238
1.0241030030331368,0.8186853699764963,8.90722731128335e-6,3.9994336144398837,2.9854565636586337,0.000719969584927957,0.9850426912307739,1.2226847410202026,100.0,0.250386506319046
1.0219609535346597,0.8175954657085871,8.933351698757733e-6,4.0035754704879505,2.9867031291379766,0.0007128896457825358,0.987128734588623,1.2084342241287231,100.0,0.24925333261489868
1.0232850414211467,0.8161076691191075,8.95114745786887e-6,4.001994504766949,2.9856228585970603,0.0007057571793025539,0.9882503747940063,1.2159045934677124,100.0,0.24928201735019684
1.0220450708421611,0.8160371942035223,9.082535960537902e-6,4.001829502946239,2.9859867419226696,0.0006985739453173898,0.987160325050354,1.2229546308517456,100.0,0.24972766637802124
1.0226944745597193,0.8155834391965704,8.990321213663634e-6,4.001519154694121,2.9851736295021185,0.0006913417161825444,0.9856477975845337,1.2223268747329712,100.0,0.2504971921443939
1.0231745445122153,0.8144306894076072,8.729367390653845e-6,4.004190735897775,2.9848930229574946,0.0006840622763423385,0.9897943139076233,1.2197803258895874,100.0,0.24892322719097137
1.0224479416669425,0.814086461471299,8.897815428484799e-6,4.000353797007415,2.9857485496391685,0.000676737421889628,0.9914801120758057,1.220046043395996,100.0,0.25021854043006897
1.0199231939800715,0.8127498303429556,8.861370526759301e-6,4.00217993784759,2.985654410669359,0.0006693689601226452,0.993432879447937,1.218002438545227,100.0,0.24938152730464935
1.021558147365764,0.8103964854094942,8.559773944444576e-6,4.0018972623146185,2.984922506041446,0.0006619587090990741,0.986664891242981,1.2255421876907349,100.0,0.2502020299434662
1.020655874478615,0.8121257070767678,8.66025812545065e-6,4.001854330806409,2.9850011275986494,0.0006545084971874731,0.9883193969726562,1.2341548204421997,100.0,0.24978762865066528
1.0203651169599113,0.8103542651160288,8.465967859315165e-6,4.001029580326404,2.985443115234375,0.0006470201626161514,0.987636923789978,1.2315998077392578,100.0,0.2501956820487976
1.020761457540221,0.8089439262778072,8.504410566351677e-6,4.001900883044227,2.984947851148702,0.0006394955530196142,0.9885165691375732,1.2300828695297241,100.0,0.24960745871067047
1.0192521305407507,0.808045791367353,8.406091907645686e-6,4.002510458736096,2.9839180121987554,0.0006319365249826858,0.9923215508460999,1.2376995086669922,100.0,0.25056299567222595
1.0182347055208885,0.8107316615217823,8.314465156803697e-6,4.001510102870101,2.9858072571835277,0.0006243449435824268,0.9914743900299072,1.2316755056381226,100.0,0.24970470368862152
1.0194612923315016,0.8103194155935514,8.471245025047812e-6,4.003406589314089,2.9863728668730136,0.0006167226819279523,0.9902093410491943,1.2326078414916992,100.0,0.24945485591888428
1.018799733307402,0.8063297595007944,8.388761809821856e-6,4.001859761900821,2.9854612188824152,0.0006090716206982709,0.9939788579940796,1.2346421480178833,100.0,0.2499554306268692
1.0183854183908236,0.8051192720057601,8.168381192895063e-6,4.00259140790519,2.98489793680482,0.0006013936476782558,0.990204930305481,1.2377232313156128,100.0,0.25000280141830444
1.0181751574500133,0.8030449818756621,8.018486600337645e-6,4.002281576900159,2.985392166396319,0.000593690657292862,0.9927337169647217,1.23616361618042,100.0,0.2494664341211319
1.017730712890625,0.8026851072149762,8.05104145448718e-6,4.00260045972921,2.9848635398735435,0.0005859645501397043,0.9925658702850342,1.237731695175171,100.0,0.24947340786457062
1.0178221363132283,0.8020703590522378,8.41787550598383e-6,4.002805289575609,2.9861538127317266,0.000578217232520115,0.990998387336731,1.2344738245010376,100.0,0.24884110689163208
1.0163643400547868,0.8016340611344677,8.251955555120515e-6,4.002390716035487,2.9849486270193326,0.000570450615968791,0.992834210395813,1.2376757860183716,100.0,0.24914418160915375
1.0164908069675251,0.7991314904164459,8.0833279614542e-6,4.000211554058527,2.984343447927701,0.0005626666167821518,0.995840311050415,1.241222620010376,100.0,0.2498236894607544
1.0151195849402477,0.799610202595339,8.013767340236297e-6,4.001826916710805,2.984849574202198,0.0005548671555455222,0.996353030204773,1.2517588138580322,100.0,0.248727485537529
1.0161108889822232,0.7968251503120034,7.894588634371758e-6,4.00064500711732,2.9853758731130826,0.0005470541566592567,0.99402916431427,1.2461577653884888,100.0,0.2491583377122879
1.0148517802610235,0.7961350780422405,7.978691305112788e-6,4.000630265575344,2.9840620655124472,0.000539229547863922,0.9976035952568054,1.2534997463226318,100.0,0.2500174045562744
1.012598328671213,0.7996730481163931,7.821515822088566e-6,4.002264507746292,2.984196032507945,0.0005313952597646562,0.9988681077957153,1.2460334300994873,100.0,0.24902954697608948
1.0159866203696042,0.7978964983406713,7.888838408072873e-6,3.9999842239638506,2.984449224956965,0.0005235532253548208,0.9940125346183777,1.2475639581680298,100.0,0.24971649050712585
1.0139539039741128,0.8009864031258276,7.918101569669226e-6,4.001911227985964,2.9858191538665255,0.0005157053795390637,0.9947670698165894,1.2459700107574463,100.0,0.24936604499816895
1.0131420200153933,0.797518584687831,7.772861123558576e-6,4.001607603945975,2.9854332875397245,0.0005078536586559099,0.9955770969390869,1.2526404857635498,100.0,0.250405877828598
1.0130573208049192,0.7968995692366261,7.633083811724338e-6,4.001414670782574,2.985500529661017,0.0004999999999999996,1.000149130821228,1.2569527626037598,100.0,0.24897827208042145
1.0129059613761255,0.7970138808428231,7.647942057100393e-6,4.001771054025424,2.9851697501489673,0.0004921463413440893,0.9996622800827026,1.246568202972412,100.0,0.24960879981517792
1.0133195650779594,0.7929349996275821,7.682006364151583e-6,4.000450004965572,2.9855724270060913,0.0004842946204609354,1.0002849102020264,1.2544660568237305,100.0,0.2493453174829483
1.0130502086574749,0.7920150110277079,7.593226362556472e-6,4.0010013903601696,2.9849690582792636,0.00047644677464517824,0.9978746175765991,1.2487081289291382,100.0,0.24993745982646942
1.0124148999230336,0.7923154022734044,7.474140887606447e-6,4.001431481312897,2.985067335225768,0.00046860474023534287,0.9943295121192932,1.2517527341842651,100.0,0.2495681643486023
1.0122471825551178,0.7926909236584679,7.4047183862618975e-6,4.001353118379237,2.9858401023735435,0.00046077045213607716,0.9980377554893494,1.2540780305862427,100.0,0.2493044137954712
1.0108241065073822,0.7901138693599378,7.304453717197402e-6,4.000457246424788,2.9851340600999734,0.0004529458433407424,1.0003571510314941,1.2530282735824585,100.0,0.25036147236824036
1.0110328803628177,0.7899144059520656,7.267321669101968e-6,4.000369831667108,2.9850644903667902,0.000445132844454477,1.0027903318405151,1.2578290700912476,100.0,0.24943898618221283
1.011152623063427,0.7877937575518075,7.3432402440615125e-6,4.000701387049788,2.98500190346928,0.0004373333832178475,1.0003249645233154,1.2602412700653076,100.0,0.2501412332057953
1.0097845045186706,0.7879261728060447,7.236333488944476e-6,4.000425177105402,2.986179157838983,0.0004295493840312084,0.9990505576133728,1.2511308193206787,100.0,0.24936316907405853
1.0112480551509533,0.7872185787912143,7.229198610915218e-6,4.000211812682071,2.9853836318193854,0.0004217827674798842,0.9976054430007935,1.2605034112930298,100.0,0.250075101852417
1.0101684958247814,0.788634348723848,7.204427798199704e-6,4.0030517578125,2.984477414923199,0.00041403544986029484,0.9997449517250061,1.2570182085037231,100.0,0.24952425062656403
1.0108202918101166,0.7850812491724046,7.224436928281339e-6,3.9999012058064087,2.9856833765062234,0.0004063093427071374,1.0013760328292847,1.2653299570083618,100.0,0.249911367893219
1.0082262976694916,0.7850151708570577,7.1098694530457766e-6,4.002582873328257,2.9858219987255032,0.00039860635232174353,1.00062894821167,1.25136399269104,100.0,0.24911005795001984
1.0090370178222656,0.7843226416636322,7.012949258057495e-6,4.000445608365333,2.985041472871425,0.0003909283793017286,1.0043200254440308,1.26015305519104,100.0,0.24948179721832275
1.0082311468609308,0.7852026729260461,6.911349265788824e-6,4.00148217152741,2.9849481097722457,0.000383277318072047,1.0021555423736572,1.2596365213394165,100.0,0.24944010376930237
1.0089601419739804,0.784167402881687,6.9590060482338325e-6,4.000436815164857,2.9842151706501587,0.00037565505641757235,1.0028644800186157,1.2684879302978516,100.0,0.2490835189819336
1.008143150200278,0.7850418737379171,6.869946847180441e-6,4.000633110434322,2.9839963751324152,0.0003680634750173133,1.0018765926361084,1.260501742362976,100.0,0.2497042417526245
1.0081032575187037,0.7839733705682269,6.852491454900069e-6,4.000604144597458,2.9864279536877647,0.00036050444698038515,1.0040993690490723,1.2656731605529785,100.0,0.2497967630624771
1.0069391929497153,0.7831283181400622,6.771131450215638e-6,4.00162156961732,2.9848451776019598,0.0003529798373838478,1.0031596422195435,1.267019271850586,100.0,0.2500929534435272
1.0075379064527608,0.7803203776731329,6.750301000172809e-6,4.002278473417638,2.9848588846497615,0.0003454915028125262,1.0024404525756836,1.2718477249145508,100.0,0.24901339411735535
1.0081136671163269,0.7803580073987023,6.8049718057578905e-6,4.001012511172537,2.9850096621755826,0.00033804129090092506,1.0027687549591064,1.270052194595337,100.0,0.24968641996383667
1.00718216976877,0.780638743255098,6.737969361908608e-6,4.001963469941737,2.984970351396981,0.0003306310398773541,1.0047516822814941,1.2683025598526,100.0,0.2487151175737381
1.0069510249768274,0.7799456968145856,6.683220123966872e-6,4.001427601959746,2.9841794806011652,0.00032326257811037126,1.0081349611282349,1.2654328346252441,100.0,0.24900567531585693
1.0064336485781913,0.7788335509219412,6.557480230832756e-6,4.001227168713585,2.9835898189221397,0.0003159377236576609,1.0028845071792603,1.2702053785324097,100.0,0.2500961124897003
1.0053646281614141,0.7806103593212063,6.532921037494631e-6,4.001884589760991,2.984582674705376,0.000308658283817455,1.0050628185272217,1.270279884338379,100.0,0.2500554919242859
1.006417807886156,0.7778419882564221,6.486984834043403e-6,4.000585265078787,2.9843333616095076,0.0003014260546826094,1.0031607151031494,1.2705751657485962,100.0,0.25036174058914185
1.0069121667894267,0.7783627267611228,6.507333344385281e-6,4.002125368279926,2.984651468567929,0.0002942428206974454,1.0050272941589355,1.2746286392211914,100.0,0.24884994328022003
1.0054537886280124,0.7774287078340175,6.510992041173375e-6,4.001414153535487,2.9846093129303495,0.00028711035421746345,1.0050896406173706,1.273220419883728,100.0,0.24981273710727692
1.0057631670418432,0.7769426895400225,6.485575024764669e-6,4.00075647386454,2.984123876539327,0.0002800304150720422,1.0047013759613037,1.2798157930374146,100.0,0.24939872324466705
1.0042958017122947,0.7750447806665453,6.417288066093194e-6,4.002147609904661,2.9840504274529924,0.0002730047501302264,1.0073091983795166,1.2829387187957764,100.0,0.2503834366798401
1.0041747658939686,0.7739652859962592,6.424449581526599e-6,4.001096822447696,2.9850220761056674,0.0002660350928697132,1.007653832435608,1.2796976566314697,100.0,0.24991360306739807
1.004162222652112,0.7740784337965109,6.248974201853497e-6,4.001407170699815,2.9847094002416577,0.0002591231629491421,1.007020115852356,1.2782278060913086,100.0,0.24961979687213898
1.0041921583272644,0.7741275076138772,6.231568138099323e-6,4.001920797057071,2.9851322497351696,0.00025227066578379596,1.005609154701233,1.2797373533248901,100.0,0.24935086071491241
1.003365144891254,0.7739361908476231,6.227373733516719e-6,3.9995360293630826,2.9850352659063826,0.0002454792921248141,1.0097408294677734,1.2803547382354736,100.0,0.2502771317958832
1.0031554658534163,0.7739290140442929,6.21195363622727e-6,4.000995959265757,2.9843201718087924,0.00023875071764202534,1.0080896615982056,1.2840532064437866,100.0,0.25031623244285583
1.0042444649389235,0.7721011921510859,6.200809335588651e-6,4.001735622599973,2.9848425913665255,0.0002320866025105013,1.004482388496399,1.2824182510375977,100.0,0.25028666853904724
1.0030205936755163,0.7715486429505429,6.169177911449539e-6,4.001320531812765,2.985031903800318,0.0002254885910009338,1.0076473951339722,1.2877309322357178,100.0,0.2496262490749359
1.00185930930962,0.7720991878186242,6.067787565417209e-6,4.003674006057998,2.9843077578787076,0.0002189583110739344,1.0093718767166138,1.2821682691574097,100.0,0.24899154901504517
1.0027226593534826,0.7709121704101562,6.069387289521805e-6,4.000377073126324,2.984457500910355,0.00021249737397836048,1.0081373453140259,1.2821704149246216,100.0,0.25013598799705505
1.0018919605319783,0.7704611309504105,5.9753764910086736e-6,4.00121992725437,2.9836487850900424,0.00020610737385376327,1.0093367099761963,1.2869511842727661,100.0,0.250446081161499
1.0018340288582495,0.7710392838817531,5.97303190615849e-6,3.9988496424788136,2.98534251067598,0.00019978988733705783,1.0094194412231445,1.286639928817749,100.0,0.25075456500053406
1.0022570723194186,0.7708026433395128,6.03264641663912e-6,4.002462096133475,2.9846416408732788,0.00019354647317351147,1.0083110332489014,1.2820351123809814,100.0,0.24955233931541443
1.0020100221795551,0.769661531610004,6.021586467780299e-6,3.9999511201502913,2.9843703447762184,0.00018737867183214719,1.0104155540466309,1.2842429876327515,100.0,0.2500634491443634
1.001474412821107,0.7695015082925053,5.951124614388761e-6,4.0018261408401745,2.9847432799258473,0.0001812880051256549,1.010023832321167,1.28858482837677,100.0,0.24990510940551758
1.0017815282789326,0.7681041006314553,5.916923174034741e-6,4.000983803959216,2.984605950824285,0.00017527597583490801,1.010736346244812,1.2925031185150146,100.0,0.2494577318429947
1.0015160512115995,0.7687304868536481,5.949841579422355e-6,3.9982884293895657,2.9843243097854875,0.00016934406733817395,1.008787751197815,1.2884527444839478,100.0,0.2499752640724182
1.001123202049126,0.7685976190082098,5.980639844753985e-6,4.001966832047802,2.984624054472325,0.0001634937432451131,1.011684536933899,1.289698600769043,100.0,0.24986453354358673
1.0007799439511056,0.7683102882514565,5.838229376191305e-6,4.000336986477092,2.9844298281912076,0.00015772644703565544,1.0097135305404663,1.2916772365570068,100.0,0.2495199739933014
1.0003210164732852,0.7662189936233779,5.8337661311409234e-6,4.00095018289857,2.9844986220537604,0.00015204360170384266,1.010061502456665,1.2970210313796997,100.0,0.24996617436408997
1.000548411223848,0.7672761173571571,5.802271347019379e-6,4.000452332577463,2.984930264747749,0.0001464466094067261,1.008772373199463,1.2833693027496338,100.0,0.2499181628227234
1.0007813017247087,0.7662555888547735,5.828430264462101e-6,4.0005842305846135,2.9847409523139565,0.00014093685111840547,1.009946346282959,1.2921196222305298,100.0,0.2504597306251526
1.000199528063758,0.7661810406183792,5.805890087701254e-6,4.001720622434455,2.984538191455906,0.00013551568628929414,1.0118727684020996,1.2903298139572144,100.0,0.2500939965248108
0.999974978172173,0.7664720567606264,5.729787517338991e-6,4.002123816538665,2.9847329349841103,0.00013018445251069492,1.0114535093307495,1.2919576168060303,100.0,0.249899759888649
1.0000262502896584,0.7651980771856793,5.753419334384597e-6,4.001126822778734,2.9845534502449684,0.00012494446518477003,1.0109612941741943,1.2968418598175049,100.0,0.24960529804229736
1.0001626742088188,0.7653426477464579,5.692328914400127e-6,4.001893124337924,2.984646037473517,0.00011979701719998438,1.010791301727295,1.294088363647461,100.0,0.250053733587265
0.9996675394349179,0.7653846094163798,5.66255865555446e-6,4.000316296593618,2.9843982761189087,0.00011474337861210527,1.012608528137207,1.296509027481079,100.0,0.25015297532081604
