train_log,train_benign_log,train_attack_log,validation_log,validation_benign_log,validation_attack_log
0.8550926467119637,0.8328408063468287,0.02225191714399952,0.7525885832225178,0.7203179397763372,0.032270995155857525
0.6907757258011122,0.6618583161952132,0.028918033939296917,0.6557562356863179,0.622221385333555,0.03353523362612893
0.6305426258151814,0.6000851130081435,0.030457949234267413,0.621769393307661,0.5953296995050237,0.026439621657062647
0.5927292128740731,0.562976901814089,0.029752490884166653,0.5937288974193816,0.555300124148105,0.03842849821627281
0.5692109576726364,0.5408995353569419,0.028311149548676053,0.5706555522080009,0.5467771706006206,0.0238782981890595
0.5510967707229872,0.5231208801269531,0.0279761128506418,0.5553794482075576,0.5318413772763372,0.023538264822452627
0.5388445450087725,0.51082827681202,0.028016247991788184,0.5448714452432403,0.5185816699449616,0.026289534061513048
0.527652578838801,0.5012211233882581,0.026431259462388897,0.5371021604425237,0.5079946315034907,0.02910737788423579
0.5191101462154065,0.4926237655898272,0.02648663924912275,0.5299803821753103,0.49676816683289005,0.033212251415207596
0.5116609799659858,0.48582377676236427,0.02583731837191824,0.5299305295831487,0.508327330821513,0.02160316945249589
0.5058211956994009,0.4803613565735898,0.025459786592903783,0.5124722744556184,0.4870187745872119,0.0254531481587295
0.49703362028477555,0.472700894889185,0.024332450608075675,0.5134579994436134,0.486472776877401,0.02698523609350759
0.49106158240366793,0.46762055865788865,0.02344116720102601,0.5089318385924572,0.484124149836547,0.024807880392593133
0.48749930171643274,0.46242513494976495,0.02507423142255363,0.5060280513537972,0.4738719750803413,0.032155722309229785
0.4832117113016419,0.45881546149819585,0.02439671249712928,0.49943986175753546,0.4723270858151411,0.027112523432882684
0.4788430747339281,0.4547652551683329,0.024077726622759286,0.4987199571397569,0.46854514264045877,0.0301751188634417
0.473380913168697,0.44953288062144137,0.02384764865293341,0.4902232645814864,0.46730055933021203,0.022922867578817598
0.4692577426716433,0.4464474370924093,0.022810436911502127,0.48952114384788714,0.4652102855925864,0.02431097098276125
0.4643302852824583,0.4410908909167274,0.02323915594715183,0.4848557420374372,0.4534052494851692,0.0314504271703409
0.4635592315156581,0.4412577031022411,0.022301285953845007,0.4832133119551566,0.45833412693465575,0.02487937440263464
0.45966717348260394,0.436450085397494,0.02321718910993156,0.4808809898141992,0.4519368345292184,0.02894392081186281
0.4567425614696438,0.434208659802453,0.022533806703858458,0.47284992479545285,0.44641387434434104,0.02643626688783614
0.45510091619976495,0.4328651104943227,0.0222363027475648,0.4731025064527002,0.44843643946005096,0.024666333029456172
0.45174288345595537,0.4294029494463387,0.022340129997770665,0.4712798206518728,0.4452784472887116,0.026001337290373818
0.4506308992030257,0.42756433002019334,0.023066823765382927,0.47191758753278296,0.44280493625794176,0.02911259491111088
0.4466945842161017,0.42596277139954647,0.02073186939045534,0.47813386669113844,0.452886811384918,0.02524685916043906
0.44634453725006623,0.42495481846696237,0.021389619778778592,0.47223116827349293,0.445267336870198,0.02696396893079681
0.44352382724567996,0.4225196515099477,0.021004444461757855,0.46706922454473254,0.4412486840647163,0.02582042098890805
0.44125576342566536,0.42054890778105136,0.02070684958312471,0.46657780496223034,0.431219330916168,0.035358661173646895
0.439966007814569,0.4186052871962725,0.021360803458650233,0.46206939192246604,0.433498229259013,0.02857098680861453
0.4378729351496292,0.41731165223202465,0.020561002068600412,0.46347276764276746,0.43640580414034796,0.02706712357541348
0.4381605891858117,0.41758223711434056,0.02057848744473215,0.4575124970564606,0.4327808497363512,0.024731593210928264
0.437229447445627,0.41581128007274565,0.021417823888487734,0.4758522628892398,0.445157928106069,0.030694481328869542
0.43413078178793696,0.413722248400672,0.020408981937473102,0.46623320162437204,0.435565488558289,0.030667839320838875
0.43648328619488214,0.41515204866053695,0.021331374928102654,0.4576976226013039,0.43183794314697843,0.025859803454532128
0.4312901900986494,0.4118758056123378,0.019414487531629658,0.45489390127484114,0.4292168222702423,0.025677085768246483
0.4300181178723351,0.4104184296171544,0.019599617537805588,0.4588202798902002,0.4322109718412936,0.026609400485424286
0.43342651755122813,0.41268717232397045,0.020738941127971068,0.4535289430731014,0.427997598129525,0.02553114428869658
0.4277108402575477,0.40817567857645326,0.01953543040712001,0.45641974410830377,0.42662513678800973,0.02979480346607542
0.42684422509144926,0.4080173363119869,0.01882643820875782,0.4518789377054706,0.4245480656905659,0.027331065906136875
0.42797647896459545,0.4082932229769432,0.01968289431879076,0.4584039277782395,0.4271387772075392,0.03126530613459594
0.4274399967516883,0.40796706636073227,0.01947302939528126,0.4551334606558437,0.4286983120244164,0.026435101285893867
0.429076695846299,0.40957981044963254,0.01949711169226695,0.46288362687924794,0.43585107681599067,0.027032660536168596
0.42710915258375265,0.4072922852079747,0.019816810801877815,0.486324156993388,0.4626086079482491,0.023715806063748984
0.4246695890264996,0.405846902879618,0.01882264573695296,0.4533618178491615,0.42166447921283984,0.031697293545337436
0.4216522281452761,0.40268671714653403,0.018965664556470967,0.4486206631852098,0.4204281926436909,0.028192493087011026
0.42149314233812235,0.40317680876133805,0.01831625679791984,0.4501738852642952,0.4261914336653184,0.023982773999514026
0.42102445182153736,0.4032502578476728,0.017773925247838943,0.45856369415355347,0.4339445217845006,0.024619055132493906
0.41995526976504566,0.4024543762207031,0.017501022856114275,0.4475686003412197,0.4158349003352172,0.03173335055087475
0.4197645995576503,0.4020334017478814,0.0177312018507618,0.45131162097831706,0.42752122089936095,0.023790280587847913
0.4203858779648603,0.4013779850329383,0.019007696943768,0.4478563168933769,0.4207886319352098,0.027067432448655438
0.418294421697067,0.4009983256711798,0.01729593034517967,0.4465598969876625,0.42024541183002734,0.026314469375790715
0.4162092370502019,0.39810811058949613,0.01810129416190972,0.4662885012074283,0.44442150215166965,0.02186701709215241
0.4191405732752913,0.4015610905016883,0.01757952924502098,0.4549929571489916,0.4306032077076869,0.02438968180482833
0.41511852458371956,0.3980670541019763,0.017051844273583364,0.4612186873776411,0.4431374552120272,0.018081194965551932
0.4146681640107753,0.39787787097995564,0.016790370819932322,0.44605668160368644,0.4227789119062131,0.023277841843048167
0.4159524238715738,0.3990320755263506,0.01692038067316605,0.44685591028091753,0.4171483105237884,0.02970755917524333
0.4113916946669756,0.3944089533918995,0.01698246446706481,0.44378690967604906,0.41704900214012636,0.0267378827358814
0.41047070390087065,0.39445207886776684,0.016018782631825594,0.44622954240082,0.41665375260878396,0.02957540651867012
0.41578826257738016,0.398956751419326,0.01683133840560913,0.44373979861572843,0.41456117021276595,0.029178569784682976
0.4099182516841565,0.3931633254229012,0.016754845441397975,0.44439708087461216,0.4163527612708703,0.02804410091246837
0.4117985095007945,0.3938834950075311,0.01791509733361713,0.44586625335909796,0.4170661006413453,0.028800278972508496
0.41260363691944185,0.395096956673315,0.017506437786554887,0.4484769852730681,0.4205098253615359,0.027966999838538203
0.4105535604185977,0.39427825151863743,0.01627554933903581,0.4410444399425606,0.41224558584515364,0.028798739115397137
0.4154432587704416,0.3979144015554654,0.017529045121144442,0.4480486569956967,0.422039960856697,0.026008660066212323
0.40975334684727555,0.39233637664277676,0.017417026778398934,0.4612536058358267,0.42955998269660534,0.03169360059372922
0.41166215023751984,0.39383164098707296,0.01783064866470078,0.4463673404486185,0.4147961122769836,0.031571156026060136
0.40832280304472324,0.3915545576709812,0.0167684191364353,0.4439229401572658,0.4189056685066674,0.025017291941541307
0.4082998502052436,0.3912761494264764,0.01702371896323511,0.44481621059120124,0.4126789643127586,0.03213746722426539
0.4073186324814619,0.3913981227551476,0.01592039657851397,0.4464224235949505,0.42537276175568856,0.021049770057624113
0.40762300006413865,0.3920477527683064,0.015575038174451408,0.4418373919547872,0.41310642684323284,0.028730796020363523
0.40715110908120367,0.3905084577657409,0.016642705868866483,0.4441764236341977,0.41399327632101435,0.03018351931380324
0.40574487589173397,0.389759128376589,0.015985592947167865,0.4438875888256317,0.41875979015449544,0.025127573216215095
0.4076674186577231,0.39118753853490795,0.016479623519768147,0.44103246377714983,0.4152466613913822,0.025785856494948654
0.40704452385336665,0.39064733860856393,0.016397464073310466,0.44211875969636527,0.41726911828873003,0.024849447516403018
0.4043350866285421,0.3878018653998941,0.016533114142337088,0.44150003924719267,0.4118436989209331,0.029656063016706608
0.4070277779789294,0.38867562504137976,0.01835234084371793,0.4566519807134678,0.43348095039385715,0.02317093111944537
0.40431009712865795,0.3876184689796577,0.016691858485593635,0.4428532016474586,0.4168956567209663,0.025957822236045314
0.40473278498245496,0.3884829828294657,0.016250049663802325,0.4415976882826352,0.4142739226068447,0.027323637166485438
0.40356235180870964,0.38754983675681937,0.01601267164036379,0.4439797908701795,0.41021443540604685,0.033765339682288203
0.40416468604136324,0.38736802440578655,0.016796744475930422,0.4420170344359486,0.4106015324874409,0.03141537569375185
0.4024546671721895,0.3864903207552635,0.01596450098490311,0.4364305139997045,0.4070105947219452,0.029419840368536912
0.4026178263001523,0.38647680767511916,0.01614123784889609,0.43967742559194,0.41893748470513814,0.02073963877720754
0.40228833990581964,0.386617175603317,0.015671239060870673,0.44532270859882905,0.42416385443216237,0.021158718893713985
0.4016087418895657,0.3855210643703655,0.016087824005191608,0.4349371006020981,0.4053965178505467,0.029540429442205047
0.4002733715509964,0.38561361927097126,0.014659522953680006,0.4385760151748116,0.4120995271290448,0.026476594009579777
0.40007384348723846,0.3857135449425649,0.01435986615843692,0.4403624838971077,0.41530192490165113,0.025060500377177063
0.3996010473219015,0.3838091381525589,0.015791863708172815,0.4335190793301197,0.40631038584607715,0.02720875661142047
0.3990938865532309,0.3842670634641486,0.014826411918058233,0.4375073949214133,0.4077637945224771,0.029743672544510935
0.40229790897692663,0.3867269936254469,0.015571073960449737,0.4412136213153812,0.41183857658512485,0.029374950039189475
0.4000932402529959,0.3847965628413831,0.01529663902218059,0.4347353455022717,0.40810136366679595,0.02663389841715495
0.3975971674515029,0.38339023266808464,0.014207294431783386,0.43388727427092566,0.4091832587059508,0.024704157601575197
0.3988754466428595,0.38405418395996094,0.01482146069154901,0.43713826208813533,0.41407508940279625,0.023063186212634364
0.40021456702280855,0.3852391000521385,0.01497522249060162,0.43511576911800015,0.4122854462752106,0.022830692588860262
0.39706579305357853,0.38208738424010197,0.014978603791382354,0.44005759669815675,0.41445594589197327,0.02560168462442168
0.396496691946256,0.3818253339347193,0.01467115091065229,0.43268053131464246,0.4065390873180777,0.02614164690599374
0.3964936854475636,0.38188345957610564,0.014610044026778917,0.44292646547863107,0.4123657803727098,0.03056083841526762
0.3978246591858945,0.38247884330102955,0.01534589367397761,0.438207098778258,0.4032107233719341,0.034996670752270566
0.3978717286707991,0.38224469201039457,0.015627162941431596,0.4401179103986591,0.41390028067514406,0.02621771088728668
0.3956413269042969,0.3805506431450278,0.015090617082886776,0.4327448490945442,0.40836195348284204,0.024383186448550392
0.3944969500525523,0.38057553566108315,0.013920855724205405,0.4340743116735003,0.40667537030880613,0.027398907546455978
0.3979815143649861,0.38369521448167704,0.014286546383873892,0.43484432139295215,0.4067865827123042,0.028057912280937177
0.39333068718344477,0.3795482182906846,0.013782057721736067,0.4365269726331634,0.40767988921902704,0.028847477960248367
0.39348333972995564,0.37929214865474375,0.014191432524535615,0.4319073111171136,0.40622251253601505,0.025684987963232306
0.3935489007982157,0.37966369370282704,0.013885098998829469,0.43150322375286276,0.4057872222106789,0.025715963214847214
0.3935594397076106,0.37941800133656645,0.014141019118034233,0.43609074441535534,0.40769850277731606,0.028392604620462333
0.39404982227390095,0.3793209851798365,0.014729408894555044,0.43936958042442376,0.4126553727098109,0.02671454589699459
0.39716407000008275,0.3821823960643704,0.014982414447655112,0.44026984897911126,0.40974404625858823,0.03052596955716469
0.3924763243077165,0.37830963781324484,0.014166802673016564,0.4348093668619792,0.4060803857537308,0.028728784962466985
0.3955733089123742,0.37979924476752847,0.01577393180232937,0.43059494703937645,0.4045103176829381,0.026084802956727663
0.39131798178462657,0.3777789746300649,0.01353921829643896,0.4336086480611887,0.40832335560034355,0.025285258642606983
0.393427153765145,0.3791152824789791,0.014311931901058908,0.43493926496934104,0.41169414114444813,0.023245008842883098
0.39041874772411284,0.37653040481826006,0.013888355028831352,0.42850041671283984,0.4042745098718233,0.02422583018634336
0.3929679353358382,0.3787397287659726,0.014228464183160814,0.4337821942412825,0.4037128565722887,0.030069351196289062
0.3927701206530555,0.37830084461276814,0.014469287153017723,0.4327667813492723,0.4021107197935136,0.03065616526502244
0.3934724775411315,0.37927740711276814,0.014195167412192134,0.43770716601793364,0.4084988136381686,0.029208546270997247
0.3925952588097524,0.378573757106975,0.01402132086834665,0.4323032821042036,0.40627005646978426,0.026033088106917433
0.39312394998841366,0.37910587504758675,0.014017872891183628,0.4324959107888224,0.40928841088116874,0.023207303761872276
0.39133097761768404,0.3783539270950576,0.012976975764258433,0.43572179194601435,0.40645020396996895,0.02927165335797249
0.392179586119571,0.3780075331865731,0.014171725612575724,0.43510942030742095,0.4112686986900672,0.023840796017477697
0.3906665414066638,0.37728393683999273,0.013382928856348588,0.43255788383754434,0.40686363418615173,0.025694193287662297
0.3921334864729542,0.3787405692924887,0.01339312125060518,0.42648326251523716,0.4028025237099217,0.02368110855138612
0.3889196363546081,0.3753127728478383,0.013606815014855337,0.4343790545813017,0.41089108875175456,0.02348817550262379
0.3924635547702595,0.37775379116252317,0.014709931308940306,0.4337300690635158,0.4068868650612256,0.02684331898429997
0.3901281518451238,0.37668609619140625,0.013442080909922972,0.4392244235279994,0.41019766155991433,0.029026592876894255
0.3905763787738347,0.3774868593377582,0.013089414370262016,0.43448160951582815,0.41194520774462545,0.022536311589234265
0.39004151295807404,0.37623117737850903,0.013810765945305259,0.4375241326947584,0.40948255462285754,0.02804161639923745
0.3893317206431243,0.3758243302167472,0.013507455082262977,0.42645530610501625,0.39962746911015073,0.026827604776296775
0.388731099791446,0.3755360296217062,0.013194924693996623,0.4319031627465647,0.4051572831246306,0.026745890894680158
0.39224902654098254,0.37847483360161216,0.01377463441784099,0.43305406502798094,0.40749692804142656,0.025557224913973615
0.3879608218952761,0.37518152139954647,0.012779332823672537,0.432595074881335,0.41113807912695777,0.02145706789995198
0.39102289232157045,0.3769109693624206,0.01411180172936391,0.43167536309424864,0.40857261856115173,0.023103015079002292
0.38947933003053825,0.3760765528274795,0.013402808520753505,0.42914049225214246,0.4022086213384678,0.02693192727740493
0.38997494972358315,0.37619904340323757,0.013775938648288534,0.43587033968445255,0.4071629661758459,0.02870749299971488
0.3884449974965241,0.37524265353962527,0.013202325772430938,0.4326169349904883,0.40910682046948876,0.02350988455698
0.3882166652356164,0.3746526685811706,0.013564094648522845,0.43270866808880026,0.40504520497423535,0.0276634901691554
0.38671681032342425,0.3730447413557667,0.013672107357089803,0.4314169015726581,0.40847572705424423,0.022941386446039727
0.38710684695486297,0.37437322584249205,0.012733525138790324,0.42637627062786276,0.40178166382701685,0.02459460680084589
0.38900727740788865,0.37510619729252187,0.013901134668770482,0.4433146086708592,0.4201874428607048,0.023127499483437685
0.3863064070879403,0.3741835254733845,0.012122594704062252,0.427548059053173,0.4035527655418883,0.023995088347306487
0.38767766144316074,0.3747636827371888,0.012914074679552499,0.4308921868074025,0.40133205260509014,0.0295595683104603
0.3878658100710077,0.3744995634434587,0.013366025383189574,0.4332158154066009,0.4090265224447769,0.024189227579896895
0.3882379693500066,0.37419926918159097,0.014038657737990557,0.42681661114343233,0.40123411498734857,0.025582309028499235
0.3882104259426311,0.37489238027798927,0.013318089105315128,0.42986072152500737,0.4041690330415189,0.025691399901189422
0.38684166083901617,0.374304464307882,0.012537321801912986,0.43180756986000296,0.40291243749307404,0.028895123348732083
0.38775130449715306,0.37524275052345407,0.012508716623661882,0.4259998510915337,0.3991818619676234,0.02681804999673902
0.38852355439784164,0.3746752658132779,0.013848136037082995,0.4339496441203088,0.41320158685634606,0.020748388682696836
0.3891303175586765,0.37648705304679225,0.012642947293944279,0.42829068952700206,0.40214560217891177,0.026145098620836336
0.38647286366608186,0.3737024210267148,0.012770353737524,0.4266985449103317,0.40173404774767285,0.024964379926099844
0.38982423685364803,0.3761360685704118,0.013688397609581382,0.43281508281157655,0.40911522542894874,0.023699571054877966
0.38647076234979144,0.3739860340700311,0.012484654531640521,0.43345815239223184,0.41187299002428707,0.021585372041021397
0.3858411756612487,0.37351171849137643,0.012329136921187579,0.43002070433704565,0.4050839832206708,0.024936716607276428
0.38712094193798,0.3733737751588983,0.013747310234328448,0.4264192333176345,0.39924174279467717,0.027177467977465185
0.3866755598682468,0.3731517791748047,0.013523924148688882,0.43314518488890735,0.40125456825779404,0.0318904723399638
0.38588423648123016,0.37273183919615666,0.013152646816382974,0.4308475286966238,0.4022530269397348,0.028594249247377364
0.38604568222821767,0.3731478028378244,0.012897915759329068,0.4266055853372488,0.4000183177614325,0.02658716612110183
0.39018230114952995,0.3759187924659858,0.01426369052822307,0.4336235821951647,0.40574736178062204,0.027876357942044593
0.3874622280314817,0.37435434632382153,0.013107486700607558,0.4251745417890256,0.39695108472314566,0.028223508920511738
0.38500805224402473,0.37174845550019864,0.01325929670010583,0.425056295191988,0.3975442656388519,0.027512349699124094
0.3850558652716168,0.37242924965034097,0.012626564098616778,0.4255310852195072,0.39758787763879655,0.027943151216980412
0.3849700345831402,0.3721798072427006,0.01279020915597172,0.427522735956431,0.4018035600089576,0.025719525402601164
0.3842380329713983,0.3719389317399364,0.012298701173168117,0.42611005345698505,0.40089521114989657,0.025214828779793235
0.3849844851736295,0.37229389255329715,0.012690384509199756,0.42537568365146644,0.4012773301866319,0.024098261028316848
0.3859208317126258,0.3723455526060977,0.01357501745223999,0.42738356714271203,0.40166038711583923,0.025723089844904328
0.3823215678586798,0.36997455661579715,0.01234704357082561,0.42981826385425903,0.4033893197422614,0.026428790802651262
0.38241082530910686,0.36994707786430747,0.012463742393558309,0.4271912270403923,0.39934534384003767,0.027845844873018017
0.3818237175375728,0.3698758270780919,0.011947750034978834,0.42594624692948435,0.395856636353982,0.030089696248372395
0.38339385339769266,0.3712280726028701,0.012165993957196251,0.42776417112237736,0.4062652587890625,0.021499029569873856
0.3848606368242684,0.3719704191563493,0.012890668238623667,0.42967335946734636,0.40522643465804153,0.024446737681720274
0.3840949171680515,0.37057423995713057,0.013520736815565723,0.4290999464391253,0.3998557737814901,0.02924440938530239
0.38462577431888906,0.3724286030914824,0.012197144960953017,0.43556812187176785,0.40899604093943925,0.026571596204248163
0.385856499106197,0.37276235677428166,0.013094116065461757,0.4282528491730386,0.40240272900736923,0.025850185547596456
0.384659944954565,0.3718080682269597,0.012851888850583868,0.4262961529670878,0.40233931304715204,0.0239567948289515
0.38280677795410156,0.37021507651118907,0.01259167618670706,0.42911354587996825,0.40395869261829565,0.02515511929847952
0.3819823830814685,0.36960188008971134,0.012380528247962564,0.42498613362053045,0.3923038996703236,0.03268235795041348
0.38159286369711665,0.3693388922739837,0.01225399364859371,0.42032830709543073,0.39327476266991723,0.027053625589285056
0.3822029243081303,0.3698187359308792,0.012384367191185386,0.4248194412700392,0.39787534168144206,0.026944196534213163
0.3832311468609309,0.37158219288971467,0.011648777177778341,0.4262685212119533,0.3998993497086473,0.026369110630477293
0.38451417825989803,0.3722117795782574,0.012302319882279736,0.42575841592558733,0.3990270736369681,0.026731432470587693
0.38335606203240863,0.3707248881711798,0.012631274886050467,0.4303012063317265,0.40652487463984927,0.023776277582696143
0.3851662651967194,0.3716861918821173,0.013480205657118457,0.425902562783965,0.4007838183824616,0.025118751165151033
0.38157747559628247,0.36945954015699484,0.01211783239396952,0.4312874724115322,0.40318388521812204,0.028103690902673888
0.38292635901499605,0.3699102563373113,0.013016239061193952,0.42896709036319813,0.4072686955156619,0.021698654120695507
0.3829241283869339,0.3711107868259236,0.01181351330320714,0.43062892760509014,0.4102778152934767,0.020351031147841866
0.38310901189254504,0.3699795351190082,0.01312945656857248,0.42588063052923686,0.39766756242612294,0.028213304830781112
0.3829654111700543,0.3711480932720637,0.011817321938983464,0.4261651005305297,0.39485078275062796,0.03131455901666736
0.38343170941886257,0.37042284820039395,0.013008848085241803,0.4217888581837323,0.3956926855353317,0.026095983266266807
0.3794971401408567,0.3680903224621789,0.011406905570272671,0.42569413421847296,0.4000826355413342,0.025611863914110983
0.3801947771492651,0.3685411356263242,0.011653896105491508,0.42530177051012114,0.39873286398308216,0.026569120709214085
0.3836572614766784,0.3705022133002847,0.01315497543852208,0.4282252895634789,0.4036690642084072,0.02455637415531961
0.38111279374462065,0.36919548551915055,0.011917025355969444,0.4270281419686392,0.39937604178209957,0.02765212273203171
0.3824369139590506,0.36948595208636786,0.012950727495096497,0.42644834405705156,0.3967833462618203,0.029664963976993065
0.38364219665527344,0.37058122279280326,0.013060765751337602,0.4297970169824911,0.40317609349604755,0.02662080850443378
0.38424721410719015,0.3713540222685216,0.012893368632106458,0.4237905010827608,0.40019341507138373,0.023597602303146472
0.3825462793899795,0.3699070881989043,0.012639236652244956,0.42475241803108377,0.4002628191143063,0.02448959440767906
0.38036401393049857,0.36907962217169293,0.011284257395792816,0.4291290571785424,0.4055135740456006,0.023615670260526328
0.3834946519237454,0.3715665138373941,0.011928263357130148,0.4335201615137411,0.40445274551427673,0.02906784661836376
0.38478644419524627,0.371907702947067,0.012878855406227758,0.42451311115959295,0.39677104544132313,0.027741583244738566
0.38335661160743845,0.3706603939250364,0.01269620656967163,0.4296340040563128,0.4054002694204344,0.02423360161747493
0.3795498023598881,0.36863343190338654,0.010916282564906751,0.4318484042553192,0.40744364853446363,0.024404719648068115
